Ley Presupuesto,,,Denominación,Línea de Servicio o Programa,Enlace a nómima de beneficiarios,Antecedentes Persona o entidad ejecutora,,,,,,,,,,,,,,,,,,
Sub Título,Ítem,Asig,,,,Nro. Adquisición,Nombre  Adquisición,Nombre persona o entidad ejecutora,Monto adjudicado,Región,,,,,,,,,,,,,,
24,131,1,Programa de mejoramiento de la Competitividad,Servicios Virtuales,Enlace beneficiarios/as Capacitación Virtual,585-14-LP21,SERVICIO DE ADMINISTRACION DE PLATAFORMA E LEARNING Y APLICACIÓN MOVIL,Tecnologías del Conocimimiento S.A ,96510000,38233425,Se informa monto de servicios al 30.06.2022,,,,,,,,,,,,,
,,,,,Enlace beneficiarios/as Asesoría Virtual,585-16-LE19,ASESORIA LEGAL VIRTUAL, Asesorías Legales Empresariales Chile Ltda,15000000,0,Se informa monto de servicios al 30.03.2022,,,,,,,,,,,,,
,,,,Promociónb y canales de comercialización,PromociónComercialización!A1,AOS,Asistencia Técnica Pabellón de las Pymes de Sercotec 2022,PROAXIS SPA.,2440000,Región de Valparaíso,,,,,,,,,,,,,,
,,,,,,AOS,"Gasto Administrativo (Evaluación, garantías, seguimiento financiero) Pabellón de las Pymes de Sercotec 2022 ",PROAXIS SPA.,952014,Región de Valparaíso,,,,,,,,,,,,,,
,,,,,,AOS,Asistencia Técnica Feria Mama Emprende,CONSULTORÍAS Y ASESORÍAS CARMEN GLORIA VIDAL MUENA EIRL.,2200000,Regioón del Maule,,,,,,,,,,,,,,
,,,,,,AOS,"Gasto Administrativo (Evaluación, garantías, seguimiento financiero) Feria Mama Emprende ",CONSULTORÍAS Y ASESORÍAS CARMEN GLORIA VIDAL MUENA EIRL.,449400,Regioón del Maule,,,,,,,,,,,,,,
,,,,,,AOS,Asistencia Técnica ,SOCIEDAD PARADIGMA LTDA.,2400000,Región de La Araucanía,,,,,,,,,,,,,,
,,,,,,AOS,"Gasto Administrativo (Evaluación, garantías, seguimiento financiero) ",SOCIEDAD PARADIGMA LTDA.,1880000,Región de La Araucanía,,,,,,,,,,,,,,
,,,,Formación Empresarial Ruta Digital,Beneficiarias/os Ruta Digital,Agente Operador Sercotec,Supervisión y Seguimiento  de la acción de fomento (Gastos Operacionales),Codesser – Corporación de Desarrollo Social del Sector Rural,5850000,Arica Parinacota,,,,,,,,,,,,,,
,,,,,,Agente Operador Sercotec,Supervisión y Seguimiento  de la acción de fomento (Gastos Administrativos),Codesser – Corporación de Desarrollo Social del Sector Rural,3897000,Arica Parinacota,,,,,,,,,,,,,,
,,,,,,Agente Operador Sercotec,Supervisión y Seguimiento  de la acción de fomento (Gastos Operacionales),Corporación de Desarrollo Productivo de Tarapacá,6500000,Tarapacá,,,,,,,,,,,,,,
,,,,,,Agente Operador Sercotec,Supervisión y Seguimiento  de la acción de fomento (Gastos Administrativos),Corporación de Desarrollo Productivo de Tarapacá,4330000,Tarapacá,,,,,,,,,,,,,,
,,,,,,Agente Operador Sercotec,Supervisión y Seguimiento  de la acción de fomento (Gastos Operacionales),PRAXIS GESTOR CAPACITACIÓN LTDA.,5200000, Antofagasta,,,,,,,,,,,,,,
,,,,,,Agente Operador Sercotec,Supervisión y Seguimiento  de la acción de fomento (Gastos Administrativos),PRAXIS GESTOR CAPACITACIÓN LTDA.,3464000, Antofagasta,,,,,,,,,,,,,,
,,,,,,Agente Operador Sercotec,Supervisión y Seguimiento  de la acción de fomento (Gastos Operacionales),CHILE CONSULTOR EIRL,5200000,Atacama,,,,,,,,,,,,,,
,,,,,,Agente Operador Sercotec,Supervisión y Seguimiento  de la acción de fomento (Gastos Administrativos),CHILE CONSULTOR EIRL,3464000,Atacama,,,,,,,,,,,,,,
,,,,,,Agente Operador Sercotec,Supervisión y Seguimiento  de la acción de fomento (Gastos Operacionales),Capacitación y Desarrollo Humano Sociedad de Profesionales Limitada. Senda ltda,7150000,Coquimbo,,,,,,,,,,,,,,
,,,,,,Agente Operador Sercotec,Supervisión y Seguimiento  de la acción de fomento (Gastos Administrativos),Capacitación y Desarrollo Humano Sociedad de Profesionales Limitada. Senda ltda,4763000,Coquimbo,,,,,,,,,,,,,,
,,,,,,Agente Operador Sercotec,Supervisión y Seguimiento  de la acción de fomento (Gastos Operacionales),Codesser – Corporación de Desarrollo Social del Sector Rural,9100000,Valparaíso,,,,,,,,,,,,,,
,,,,,,Agente Operador Sercotec,Supervisión y Seguimiento  de la acción de fomento (Gastos Administrativos),Codesser – Corporación de Desarrollo Social del Sector Rural,6062000,Valparaíso,,,,,,,,,,,,,,
,,,,,,Agente Operador Sercotec,Supervisión y Seguimiento  de la acción de fomento (Gastos Operacionales),Santiago Innova,13260000,Metropolitana,,,,,,,,,,,,,,
,,,,,,Agente Operador Sercotec,Supervisión y Seguimiento  de la acción de fomento (Gastos Administrativos),Santiago Innova,8829120,Metropolitana,,,,,,,,,,,,,,
,,,,,,Agente Operador Sercotec,Supervisión y Seguimiento  de la acción de fomento (Gastos Operacionales),"IDACC (Sociedad de ingeniería, estudio, desarrollo & asesorías empresariales)",6500000,O´Higgins,,,,,,,,,,,,,,
,,,,,,Agente Operador Sercotec,Supervisión y Seguimiento  de la acción de fomento (Gastos Administrativos),"IDACC (Sociedad de ingeniería, estudio, desarrollo & asesorías empresariales)",4330000,O´Higgins,,,,,,,,,,,,,,
,,,,,,Agente Operador Sercotec,Supervisión y Seguimiento  de la acción de fomento (Gastos Operacionales),Fundación CRATE,10010000,Maule,,,,,,,,,,,,,,
,,,,,,Agente Operador Sercotec,Supervisión y Seguimiento  de la acción de fomento (Gastos Administrativos),Fundación CRATE,6513072,Maule,,,,,,,,,,,,,,
,,,,,,Agente Operador Sercotec,Supervisión y Seguimiento  de la acción de fomento (Gastos Operacionales),Codesser – Corporación de Desarrollo Social del Sector Rural,13260000,Ñuble,,,,,,,,,,,,,,
,,,,,,Agente Operador Sercotec,Supervisión y Seguimiento  de la acción de fomento (Gastos Administrativos),Codesser – Corporación de Desarrollo Social del Sector Rural,8425200,Ñuble,,,,,,,,,,,,,,
,,,,,,Agente Operador Sercotec,Supervisión y Seguimiento  de la acción de fomento (Gastos Operacionales),Codesser – Corporación de Desarrollo Social del Sector Rural,12350000,Biobío,,,,,,,,,,,,,,
,,,,,,Agente Operador Sercotec,Supervisión y Seguimiento  de la acción de fomento (Gastos Administrativos),Codesser – Corporación de Desarrollo Social del Sector Rural,6304471,Biobío,,,,,,,,,,,,,,
,,,,,,Agente Operador Sercotec,Supervisión y Seguimiento  de la acción de fomento (Gastos Operacionales),Fundación de Desarrollo Educacional La Araucanía FUDEA UFRO,15730000,Araucanía,,,,,,,,,,,,,,
,,,,,,Agente Operador Sercotec,Supervisión y Seguimiento  de la acción de fomento (Gastos Administrativos),Fundación de Desarrollo Educacional La Araucanía FUDEA UFRO,10478600,Araucanía,,,,,,,,,,,,,,
,,,,,,Agente Operador Sercotec,Supervisión y Seguimiento  de la acción de fomento (Gastos Operacionales),"Asesorías Ferrada, González y Ramírez Limitada",12220000,Los Ríos,,,,,,,,,,,,,,
,,,,,,Agente Operador Sercotec,Supervisión y Seguimiento  de la acción de fomento (Gastos Administrativos),"Asesorías Ferrada, González y Ramírez Limitada",7634471,Los Ríos,,,,,,,,,,,,,,
,,,,,,Agente Operador Sercotec,Supervisión y Seguimiento  de la acción de fomento (Gastos Operacionales),Fundación de Desarrollo Educacional La Araucanía FUDEA UFRO,14300000,Los Lagos,,,,,,,,,,,,,,
,,,,,,Agente Operador Sercotec,Supervisión y Seguimiento  de la acción de fomento (Gastos Administrativos),Fundación de Desarrollo Educacional La Araucanía FUDEA UFRO,9526000,Los Lagos,,,,,,,,,,,,,,
,,,,,,Agente Operador Sercotec,Supervisión y Seguimiento  de la acción de fomento (Gastos Operacionales),GESTCAP CHILE LTDA.,3900000,Aysén,,,,,,,,,,,,,,
,,,,,,Agente Operador Sercotec,Supervisión y Seguimiento  de la acción de fomento (Gastos Administrativos),GESTCAP CHILE LTDA.,2598000,Aysén,,,,,,,,,,,,,,
,,,,,,Agente Operador Sercotec,Supervisión y Seguimiento  de la acción de fomento (Gastos Operacionales),"Centro de Capacitación y Desarrollo Empresarial, Chile. CENPADECH",3900000, Magallanes y Antártica Chilena,,,,,,,,,,,,,,
,,,,,,Agente Operador Sercotec,Supervisión y Seguimiento  de la acción de fomento (Gastos Administrativos),"Centro de Capacitación y Desarrollo Empresarial, Chile. CENPADECH",2598000, Magallanes y Antártica Chilena,,,,,,,,,,,,,,
,,,,,,585-15-LQ21,Servicio Administración Plataforma de Formación Empresarial- Ruta Digital- Digitaliza Tu Pyme 2021-2022,"UNIVERSIDAD DE CHILE 
(FACULTAD DE CIENCIAS FÍSICAS Y MATEMÁTICAS",52500000,Nivel Central,,,,,,,,,,,,,,
24,,131,Programa Mejoramiento Competitividad de la MIPE,MejoraNegocios,beneficiarios/as Almaceneros,Agente Operador Sercotec,Formalización y Asistencia Técnica,Consultores para el desarrollo Ltda.,8050000,12277400,Región de Antofagasta,,,,,,,,,,,,,
,,,,,,Agente Operador Sercotec,"Evaluación, gastos administrativos (garantías) y seguimiento financiero",,4227400,,,,,,,,,,,,,,,
,,,,,,Agente Operador Sercotec,Formalización y Asistencia Técnica,Codesser,7705000,12277400,Región de Arica y Parinacota,,,,,,,,,,,,,
,,,,,,Agente Operador Sercotec,"Evaluación, gastos administrativos (garantías) y seguimiento financiero",,4572400,,,,,,,,,,,,,,,
,,,,,,Agente Operador Sercotec,Formalización y Asistencia Técnica,CHILECONSULTOR,8096000,12277400,Región de Atacama,,,,,,,,,,,,,
,,,,,,Agente Operador Sercotec,"Evaluación, gastos administrativos (garantías) y seguimiento financiero",,4181400,,,,,,,,,,,,,,,
,,,,,,Agente Operador Sercotec,Formalización y Asistencia Técnica,GESTCAP Chile,7446406,11743600,Región de Aysén,,,,,,,,,,,,,
,,,,,,Agente Operador Sercotec,"Evaluación, gastos administrativos (garantías) y seguimiento financiero",,4297194,,,,,,,,,,,,,,,
,,,,,,Agente Operador Sercotec,Formalización y Asistencia Técnica,SAVIA  Consultores,11168000,17081600,Región de Coquimbo,,,,,,,,,,,,,
,,,,,,Agente Operador Sercotec,"Evaluación, gastos administrativos (garantías) y seguimiento financiero",,5913600,,,,,,,,,,,,,,,
,,,,,,Agente Operador Sercotec,Formalización y Asistencia Técnica,FUDEA UFRO ,12775000,18683000,Región de La Araucanía,,,,,,,,,,,,,
,,,,,,Agente Operador Sercotec,"Evaluación, gastos administrativos (garantías) y seguimiento financiero",,5908000,,,,,,,,,,,,,,,
,,,,,,Agente Operador Sercotec,Formalización y Asistencia Técnica,FUDEA UFRO,10752000,17081600,Región de Los Lagos,,,,,,,,,,,,,
,,,,,,Agente Operador Sercotec,"Evaluación, gastos administrativos (garantías) y seguimiento financiero",,6329600,,,,,,,,,,,,,,,
,,,,,,Agente Operador Sercotec,Formalización y Asistencia Técnica,Proyectaustral LTDA,8740000,12276480,Región de Los Ríos,,,,,,,,,,,,,
,,,,,,Agente Operador Sercotec,"Evaluación, gastos administrativos (garantías) y seguimiento financiero",,3536480,,,,,,,,,,,,,,,
,,,,,,Agente Operador Sercotec,Formalización y Asistencia Técnica,FIDE XII,8360000,11743600,Región de Magallanes,,,,,,,,,,,,,
,,,,,,Agente Operador Sercotec,"Evaluación, gastos administrativos (garantías) y seguimiento financiero",,3383600,,,,,,,,,,,,,,,
,,,,,,Agente Operador Sercotec,Formalización y Asistencia Técnica,Codesser,8740000,12277400,Región de Ñuble,,,,,,,,,,,,,
,,,,,,Agente Operador Sercotec,"Evaluación, gastos administrativos (garantías) y seguimiento financiero",,3537400,,,,,,,,,,,,,,,
,,,,,,Agente Operador Sercotec,Formalización y Asistencia Técnica,FyJ Consultores,8096000,12277400,Región de O'Higgins,,,,,,,,,,,,,
,,,,,,Agente Operador Sercotec,"Evaluación, gastos administrativos (garantías) y seguimiento financiero",,4181400,,,,,,,,,,,,,,,
,,,,,,Agente Operador Sercotec,Formalización y Asistencia Técnica,Codem,8050000,12277400,Región de Tarapacá,,,,,,,,,,,,,
,,,,,,Agente Operador Sercotec,"Evaluación, gastos administrativos (garantías) y seguimiento financiero",,4227400,,,,,,,,,,,,,,,
,,,,,,Agente Operador Sercotec,Formalización y Asistencia Técnica,Codesser,10756256,17081600,Región de Valparaíso,,,,,,,,,,,,,
,,,,,,Agente Operador Sercotec,"Evaluación, gastos administrativos (garantías) y seguimiento financiero",,6325344,,,,,,,,,,,,,,,
,,,,,,Agente Operador Sercotec,Formalización y Asistencia Técnica,Avanzar SPA,11904000,17081600,Región del Biobío,,,,,,,,,,,,,
,,,,,,Agente Operador Sercotec,"Evaluación, gastos administrativos (garantías) y seguimiento financiero",,5177600,,,,,,,,,,,,,,,
,,,,,,Agente Operador Sercotec,Formalización y Asistencia Técnica,Alta Gestion EIRL,14288000,21914376,Región del Maule,,,,,,,,,,,,,
,,,,,,Agente Operador Sercotec,"Evaluación, gastos administrativos (garantías) y seguimiento financiero",,7626376,,,,,,,,,,,,,,,
,,,,,,Agente Operador Sercotec,Formalización y Asistencia Técnica,Direxiona Capacitación Limitada,14868000,22419580,Región Metropolitana,,,,,,,,,,,,,
,,,,,,Agente Operador Sercotec,"Evaluación, gastos administrativos (garantías) y seguimiento financiero",,7551580,,,,,,,,,,,,,,,
24,,132,Programa de Emprendedores,Emprende,Beneficiarios/as de Capital Abeja Emprende,Agente Operador Sercotec,Supervisión y Seguimiento  de la acción de fomento (Gastos Operacionales),Codesser – Corporación de Desarrollo Social del Sector Rural,16080000,Arica Parinacota,Semilla,,,,,,,,,,,,,
,,,,,,Agente Operador Sercotec,Supervisión y Seguimiento  de la acción de fomento (Gastos Administrativos),Codesser – Corporación de Desarrollo Social del Sector Rural,8121600,Arica Parinacota,Semilla,,,,,,,,,,,,,
,,,,,,Agente Operador Sercotec,Supervisión y Seguimiento  de la acción de fomento (Gastos Operacionales),CHILE CONSULTOR E.I.R.L,20368000,Tarapacá,Semilla,,,,,,,,,,,,,
,,,,,,Agente Operador Sercotec,Supervisión y Seguimiento  de la acción de fomento (Gastos Administrativos),CHILE CONSULTOR E.I.R.L,10271649,Tarapacá,Semilla,,,,,,,,,,,,,
,,,,,,Agente Operador Sercotec,Supervisión y Seguimiento  de la acción de fomento (Gastos Operacionales),CONSULTORES PARA EL DESARROLLO EMPRESARIAL LTDA. –CODEM,25400000,Antofagasta,Semilla,,,,,,,,,,,,,
,,,,,,Agente Operador Sercotec,Supervisión y Seguimiento  de la acción de fomento (Gastos Administrativos),CONSULTORES PARA EL DESARROLLO EMPRESARIAL LTDA. –CODEM,14508000,Antofagasta,Semilla,,,,,,,,,,,,,
,,,,,,Agente Operador Sercotec,Supervisión y Seguimiento  de la acción de fomento (Gastos Operacionales),"Experiencia profesional en Capacitación EIRL, (Expro)",13400000,Atacama,Semilla,,,,,,,,,,,,,
,,,,,,Agente Operador Sercotec,Supervisión y Seguimiento  de la acción de fomento (Gastos Administrativos),"Experiencia profesional en Capacitación EIRL, (Expro)",6768000,Atacama,Semilla,,,,,,,,,,,,,
,,,,,,Agente Operador Sercotec,Supervisión y Seguimiento  de la acción de fomento (Gastos Operacionales),Savia Consultores SPA,26264000,Coquimbo,Semilla,,,,,,,,,,,,,
,,,,,,Agente Operador Sercotec,Supervisión y Seguimiento  de la acción de fomento (Gastos Administrativos),Savia Consultores SPA,11932181,Coquimbo,Semilla,,,,,,,,,,,,,
,,,,,,Agente Operador Sercotec,Supervisión y Seguimiento  de la acción de fomento (Gastos Operacionales),Grupo G2000,12075000,Valparaíso,Semilla,,,,,,,,,,,,,
,,,,,,Agente Operador Sercotec,Supervisión y Seguimiento  de la acción de fomento (Gastos Administrativos),Grupo G2001,7041500,Valparaíso,Semilla,,,,,,,,,,,,,
,,,,,,Agente Operador Sercotec,Supervisión y Seguimiento  de la acción de fomento (Gastos Operacionales),PROAXIS SPA,33390000,Valparaíso,Semilla,,,,,,,,,,,,,
,,,,,,Agente Operador Sercotec,Supervisión y Seguimiento  de la acción de fomento (Gastos Administrativos),PROAXIS SPA,18450000,Valparaíso,Semilla,,,,,,,,,,,,,
,,,,,,Agente Operador Sercotec,Supervisión y Seguimiento  de la acción de fomento (Gastos Operacionales),G2000 Ingenieros Consultores,62965080,Metropolitana,Semilla,,,,,,,,,,,,,
,,,,,,Agente Operador Sercotec,Supervisión y Seguimiento  de la acción de fomento (Gastos Administrativos),G2000 Ingenieros Consultores,32459302,Metropolitana,Semilla,,,,,,,,,,,,,
,,,,,,Agente Operador Sercotec,Supervisión y Seguimiento  de la acción de fomento (Gastos Operacionales),F y J Consultores SpA,38592000,Ohiggins,Semilla,,,,,,,,,,,,,
,,,,,,Agente Operador Sercotec,Supervisión y Seguimiento  de la acción de fomento (Gastos Administrativos),F y J Consultores SpA,19457810,Ohiggins,Semilla,,,,,,,,,,,,,
,,,,,,Agente Operador Sercotec,Supervisión y Seguimiento  de la acción de fomento (Gastos Operacionales),Gestaidea LTDA.,42148000,Maule,Semilla,,,,,,,,,,,,,
,,,,,,Agente Operador Sercotec,Supervisión y Seguimiento  de la acción de fomento (Gastos Administrativos),Gestaidea LTDA.,20181152,Maule,Semilla,,,,,,,,,,,,,
,,,,,,Agente Operador Sercotec,Supervisión y Seguimiento  de la acción de fomento (Gastos Operacionales),Sociedad Comercial y de Servicios Valdivia L.A. Limitada ,16080000,Ñuble,Semilla,,,,,,,,,,,,,
,,,,,,Agente Operador Sercotec,Supervisión y Seguimiento  de la acción de fomento (Gastos Administrativos),Sociedad Comercial y de Servicios Valdivia L.A. Limitada ,8121600,Ñuble,Semilla,,,,,,,,,,,,,
,,,,,,Agente Operador Sercotec,Supervisión y Seguimiento  de la acción de fomento (Gastos Operacionales),Direxiona,62176000,Biobío,Semilla,,,,,,,,,,,,,
,,,,,,Agente Operador Sercotec,Supervisión y Seguimiento  de la acción de fomento (Gastos Administrativos),Direxiona,26636800,Biobío,Semilla,,,,,,,,,,,,,
,,,,,,Agente Operador Sercotec,Supervisión y Seguimiento  de la acción de fomento (Gastos Operacionales),Fundación de Desarrollo Educacional La Araucanía FUDEA UFRO,55208000,Araucanía,Semilla,,,,,,,,,,,,,
,,,,,,Agente Operador Sercotec,Supervisión y Seguimiento  de la acción de fomento (Gastos Administrativos),Fundación de Desarrollo Educacional La Araucanía FUDEA UFRO,25719914,Araucanía,Semilla,,,,,,,,,,,,,
,,,,,,Agente Operador Sercotec,Supervisión y Seguimiento  de la acción de fomento (Gastos Operacionales),Fundación de Desarrollo Educacional La Araucanía FUDEA UFRO,17152000,Los Ríos,Semilla,,,,,,,,,,,,,
,,,,,,Agente Operador Sercotec,Supervisión y Seguimiento  de la acción de fomento (Gastos Administrativos),Fundación de Desarrollo Educacional La Araucanía FUDEA UFRO,8663040,Los Ríos,Semilla,,,,,,,,,,,,,
,,,,,,Agente Operador Sercotec,Supervisión y Seguimiento  de la acción de fomento (Gastos Operacionales),AL SUR Consultores LTDA. ,36984000,Los Lagos,Semilla,,,,,,,,,,,,,
,,,,,,Agente Operador Sercotec,Supervisión y Seguimiento  de la acción de fomento (Gastos Administrativos),AL SUR Consultores LTDA. ,18645225,Los Lagos,Semilla,,,,,,,,,,,,,
,,,,,,Agente Operador Sercotec,Supervisión y Seguimiento  de la acción de fomento (Gastos Operacionales),Codesser – Corporación de Desarrollo Social del Sector Rural,13400000,Aysén,Semilla,,,,,,,,,,,,,
,,,,,,Agente Operador Sercotec,Supervisión y Seguimiento  de la acción de fomento (Gastos Administrativos),Codesser – Corporación de Desarrollo Social del Sector Rural,5273942,Aysén,Semilla,,,,,,,,,,,,,
,,,,,,Agente Operador Sercotec,Supervisión y Seguimiento  de la acción de fomento (Gastos Operacionales),"Centro de Capacitación y Desarrollo Empresarial, Chile. CENPADECH",26264000,Magallanes,Semilla,,,,,,,,,,,,,
,,,,,,Agente Operador Sercotec,Supervisión y Seguimiento  de la acción de fomento (Gastos Administrativos),"Centro de Capacitación y Desarrollo Empresarial, Chile. CENPADECH",11287951,Magallanes,Semilla,,,,,,,,,,,,,
,,,,,,Agente Operador Sercotec,Supervisión y Seguimiento  de la acción de fomento (Gastos Operacionales),Codesser – Corporación de Desarrollo Social del Sector Rural,21440000,Arica Parinacota,Abeja,,,,,,,,,,,,,
,,,,,,Agente Operador Sercotec,Supervisión y Seguimiento  de la acción de fomento (Gastos Administrativos),Codesser – Corporación de Desarrollo Social del Sector Rural,10828800,Arica Parinacota,Abeja,,,,,,,,,,,,,
,,,,,,Agente Operador Sercotec,Supervisión y Seguimiento  de la acción de fomento (Gastos Operacionales),CHILE CONSULTOR E.I.R.L,16080000,Tarapacá,Abeja,,,,,,,,,,,,,
,,,,,,Agente Operador Sercotec,Supervisión y Seguimiento  de la acción de fomento (Gastos Administrativos),CHILE CONSULTOR E.I.R.L,8121600,Tarapacá,Abeja,,,,,,,,,,,,,
,,,,,,Agente Operador Sercotec,Supervisión y Seguimiento  de la acción de fomento (Gastos Operacionales),Consultora Expro Ltda. ,16080000,Antofagasta,Abeja,,,,,,,,,,,,,
,,,,,,Agente Operador Sercotec,Supervisión y Seguimiento  de la acción de fomento (Gastos Administrativos),Consultora Expro Ltda. ,8121600,Antofagasta,Abeja,,,,,,,,,,,,,
,,,,,,Agente Operador Sercotec,Supervisión y Seguimiento  de la acción de fomento (Gastos Operacionales),Chile Consultor,16080000,Atacama,Abeja,,,,,,,,,,,,,
,,,,,,Agente Operador Sercotec,Supervisión y Seguimiento  de la acción de fomento (Gastos Administrativos),Chile Consultor,8121600,Atacama,Abeja,,,,,,,,,,,,,
,,,,,,Agente Operador Sercotec,Supervisión y Seguimiento  de la acción de fomento (Gastos Operacionales),Savia Consultores SPA,29480000,Coquimbo,Abeja,,,,,,,,,,,,,
,,,,,,Agente Operador Sercotec,Supervisión y Seguimiento  de la acción de fomento (Gastos Administrativos),Savia Consultores SPA,14889600,Coquimbo,Abeja,,,,,,,,,,,,,
,,,,,,Agente Operador Sercotec,Supervisión y Seguimiento  de la acción de fomento (Gastos Operacionales),CICAL,71073000,Valparaíso,Abeja,,,,,,,,,,,,,
,,,,,,Agente Operador Sercotec,Supervisión y Seguimiento  de la acción de fomento (Gastos Administrativos),CICAL,36208120,Valparaíso,Abeja,,,,,,,,,,,,,
,,,,,,Agente Operador Sercotec,Supervisión y Seguimiento  de la acción de fomento (Gastos Operacionales),Direxiona Ltda.,83616000,Metropolitana,Abeja,,,,,,,,,,,,,
,,,,,,Agente Operador Sercotec,Supervisión y Seguimiento  de la acción de fomento (Gastos Administrativos),Direxiona Ltda.,42232320,Metropolitana,Abeja,,,,,,,,,,,,,
,,,,,,Agente Operador Sercotec,Supervisión y Seguimiento  de la acción de fomento (Gastos Operacionales),Direxiona Ltda.,46632000,Ohiggins,Abeja,,,,,,,,,,,,,
,,,,,,Agente Operador Sercotec,Supervisión y Seguimiento  de la acción de fomento (Gastos Administrativos),Direxiona Ltda.,23552640,Ohiggins,Abeja,,,,,,,,,,,,,
,,,,,,Agente Operador Sercotec,Supervisión y Seguimiento  de la acción de fomento (Gastos Operacionales),Fundación Crate,46620000,Maule,Abeja,,,,,,,,,,,,,
,,,,,,Agente Operador Sercotec,Supervisión y Seguimiento  de la acción de fomento (Gastos Administrativos),Fundación Crate,23937748,Maule,Abeja,,,,,,,,,,,,,
,,,,,,Agente Operador Sercotec,Supervisión y Seguimiento  de la acción de fomento (Gastos Operacionales),Servicios Profesionales Spa (AVANZAR CONSULTORES),14880000,Ñuble,Abeja,,,,,,,,,,,,,
,,,,,,Agente Operador Sercotec,Supervisión y Seguimiento  de la acción de fomento (Gastos Administrativos),Servicios Profesionales Spa (AVANZAR CONSULTORES),7986480,Ñuble,Abeja,,,,,,,,,,,,,
,,,,,,Agente Operador Sercotec,Supervisión y Seguimiento  de la acción de fomento (Gastos Operacionales),VALDIVIA LA LTDA.,69680000,Biobío,Abeja,,,,,,,,,,,,,
,,,,,,Agente Operador Sercotec,Supervisión y Seguimiento  de la acción de fomento (Gastos Administrativos),VALDIVIA LA LTDA.,30498104,Biobío,Abeja,,,,,,,,,,,,,
,,,,,,Agente Operador Sercotec,Supervisión y Seguimiento  de la acción de fomento (Gastos Operacionales),Sociedad Paradigma Limitada,55744000,Araucanía,Abeja,,,,,,,,,,,,,
,,,,,,Agente Operador Sercotec,Supervisión y Seguimiento  de la acción de fomento (Gastos Administrativos),Sociedad Paradigma Limitada,26074880,Araucanía,Abeja,,,,,,,,,,,,,
,,,,,,Agente Operador Sercotec,Supervisión y Seguimiento  de la acción de fomento (Gastos Operacionales),Codesser – Corporación de Desarrollo Social del Sector Rural,19296000,Los Ríos,Abeja,,,,,,,,,,,,,
,,,,,,Agente Operador Sercotec,Supervisión y Seguimiento  de la acción de fomento (Gastos Administrativos),Codesser – Corporación de Desarrollo Social del Sector Rural,9745920,Los Ríos,Abeja,,,,,,,,,,,,,
,,,,,,Agente Operador Sercotec,Supervisión y Seguimiento  de la acción de fomento (Gastos Operacionales),AL SUR Consultores LTDA. ,43416000,Los Lagos,Abeja,,,,,,,,,,,,,
,,,,,,Agente Operador Sercotec,Supervisión y Seguimiento  de la acción de fomento (Gastos Administrativos),AL SUR Consultores LTDA. ,21928320,Los Lagos,Abeja,,,,,,,,,,,,,
,,,,,,Agente Operador Sercotec,Supervisión y Seguimiento  de la acción de fomento (Gastos Operacionales),Consultores de la Patagonia SpA. ,18760000,Aysén,Abeja,,,,,,,,,,,,,
,,,,,,Agente Operador Sercotec,Supervisión y Seguimiento  de la acción de fomento (Gastos Administrativos),Consultores de la Patagonia SpA. ,9475200,Aysén,Abeja,,,,,,,,,,,,,
,,,,,,Agente Operador Sercotec,Supervisión y Seguimiento  de la acción de fomento (Gastos Operacionales),"Fundación para el Desarrollo de la XII Región de Magallanes, FIDE XII",22512000,Magallanes,Abeja,,,,,,,,,,,,,
,,,,,,Agente Operador Sercotec,Supervisión y Seguimiento  de la acción de fomento (Gastos Administrativos),"Fundación para el Desarrollo de la XII Región de Magallanes, FIDE XII",10170240,Magallanes,Abeja,,,,,,,,,,,,,
24,,133,Programa Dirigido a Grupos de Empresas Asociatividad,Fortalecimiento Gremial y cooperativo,Benef_GR!A1,Agente operador Sercotec,Codesser,FORMALIZACIÓN Y ASISTENCIA TÉCNICA DE EJECUCIÓN,"33.635.000
",ARICA Y PARINACOTA ,,,,,,,,,,,,,,
24,,,,,,,,ASISTENCIA FINANCIERA DE RENDICIONES,"4.500.000
",,,,,,,,,,,,,,,
24,,,,,,,,Apoyo a la postulación,210000,,,,,,,,,,,,,,,
24,,,,,,,,Garantías,209.586,,,,,,,,,,,,,,,
24,,133,Programa Dirigido a Grupos de Empresas Asociatividad,Fortalecimiento Gremial y cooperativo,,Agente operador Sercotec,Corporación de Desarrollo Productivo Tarapacá,FORMALIZACIÓN Y ASISTENCIA TÉCNICA DE EJECUCIÓN,3750000,Tarapacá,,,,,,,,,,,,,,
24,,,,,,,,ASISTENCIA FINANCIERA DE RENDICIONES,2000000,,,,,,,,,,,,,,,
,,,,,,,,Apoyo a la postulación,0,,,,,,,,,,,,,,,
24,,,,,,,,Garantias,310000,,,,,,,,,,,,,,,
24,,133,Programa Dirigido a Grupos de Empresas Asociatividad,Fortalecimiento Gremial y cooperativo,,Agente operador Sercotec,Experiencia Profesional en Capacitación EIRL,FORMALIZACIÓN Y ASISTENCIA TÉCNICA DE EJECUCIÓN,3000000,Antofagasta,,,,,,,,,,,,,,
24,,,,,,,,ASISTENCIA FINANCIERA DE RENDICIONES,1600000,,,,,,,,,,,,,,,
,,,,,,,,Apoyo a la postulación,0,,,,,,,,,,,,,,,
24,,,,,,,,Garantias,248000,,,,,,,,,,,,,,,
24,,133,Programa Dirigido a Grupos de Empresas Asociatividad,Fortalecimiento Gremial y cooperativo,,Agente operador Sercotec,CHILECONSULTOR EIRL,FORMALIZACIÓN Y ASISTENCIA TÉCNICA DE EJECUCIÓN,5250000,Atacama,,,,,,,,,,,,,,
24,,,,,,,,ASISTENCIA FINANCIERA DE RENDICIONES,2800000,,,,,,,,,,,,,,,
,,,,,,,,Apoyo a la postulacion,200000,,,,,,,,,,,,,,,
24,,,,,,,,Garantias,369821,,,,,,,,,,,,,,,
24,,133,Programa Dirigido a Grupos de Empresas Asociatividad,Fortalecimiento Gremial y cooperativo,,Agente operador Sercotec,GEDES,FORMALIZACIÓN Y ASISTENCIA TÉCNICA DE EJECUCIÓN,9000000,Coquimbo,,,,,,,,,,,,,,
24,,,,,,,,ASISTENCIA FINANCIERA DE RENDICIONES,4800000,,,,,,,,,,,,,,,
,,,,,,,,Apoyo a la postulacion,0,,,,,,,,,,,,,,,
24,,,,,,,,Garantias,744000,,,,,,,,,,,,,,,
24,,133,Programa Dirigido a Grupos de Empresas Asociatividad,Fortalecimiento Gremial y cooperativo,,Agente operador Sercotec, DONOSO Y BOUILLET CONSULTORES LIMITADA (TERRITORIA),FORMALIZACIÓN Y ASISTENCIA TÉCNICA DE EJECUCIÓN,8250000,Valparaiso,,,,,,,,,,,,,,
24,,,,,,,,ASISTENCIA FINANCIERA DE RENDICIONES,4400000,,,,,,,,,,,,,,,
,,,,,,,,Apoyo a la postulacion,0,,,,,,,,,,,,,,,
24,,,,,,,,Garantias,682000,,,,,,,,,,,,,,,
24,,133,Programa Dirigido a Grupos de Empresas Asociatividad,Fortalecimiento Gremial y cooperativo,,Agente operador Sercotec,Corporación Santiago Innova,FORMALIZACIÓN Y ASISTENCIA TÉCNICA DE EJECUCIÓN,8250000,RM,,,,,,,,,,,,,,
24,,,,,,,,ASISTENCIA FINANCIERA DE RENDICIONES,4350000,,,,,,,,,,,,,,,
,,,,,,,,Apoyo a la postulacion,0,,,,,,,,,,,,,,,
24,,,,,,,,Garantias,682000,,,,,,,,,,,,,,,
24,,133,Programa Dirigido a Grupos de Empresas Asociatividad,Fortalecimiento Gremial y cooperativo,,Agente operador Sercotec,FyJ consultores SPA,FORMALIZACIÓN Y ASISTENCIA TÉCNICA DE EJECUCIÓN,11250000,O´Higgins,,,,,,,,,,,,,,
24,,,,,,,,ASISTENCIA FINANCIERA DE RENDICIONES,4800000,,,,,,,,,,,,,,,
,,,,,,,,Apoyo a la postulacion,0,,,,,,,,,,,,,,,
24,,,,,,,,Garantías,793560,,,,,,,,,,,,,,,
24,,133,Programa Dirigido a Grupos de Empresas Asociatividad,Fortalecimiento Gremial y cooperativo,,Agente operador Sercotec,GESTAIDEA,FORMALIZACIÓN Y ASISTENCIA TÉCNICA DE EJECUCIÓN,8250000,Maule,,,,,,,,,,,,,,
24,,,,,,,,ASISTENCIA FINANCIERA DE RENDICIONES,4400000,,,,,,,,,,,,,,,
,,,,,,,,Apoyo a la postulacion,700000,,,,,,,,,,,,,,,
24,,,,,,,,Garantias,1278750,,,,,,,,,,,,,,,
24,,133,Programa Dirigido a Grupos de Empresas Asociatividad,Fortalecimiento Gremial y cooperativo,,Agente operador Sercotec,Sociedad Comercial Y De Servicios Valdivia La Ltda,FORMALIZACIÓN Y ASISTENCIA TÉCNICA DE EJECUCIÓN,4500000,Ñuble,,,,,,,,,,,,,,
24,,,,,,,,ASISTENCIA FINANCIERA DE RENDICIONES,2656000,,,,,,,,,,,,,,,
,,,,,,,,Apoyo a la postulacion,0,,,,,,,,,,,,,,,
24,,,,,,,,Garantías,313267,,,,,,,,,,,,,,,
24,,133,Programa Dirigido a Grupos de Empresas Asociatividad,Fortalecimiento Gremial y cooperativo,,Agente operador Sercotec,Asexma Biobío,FORMALIZACIÓN Y ASISTENCIA TÉCNICA DE EJECUCIÓN,3750000,Biobío,,,,,,,,,,,,,,
24,,,,,,,,ASISTENCIA FINANCIERA DE RENDICIONES,2000000,,,,,,,,,,,,,,,
,,,,,,,,Apoyo a la postulacion,0,,,,,,,,,,,,,,,
24,,,,,,,,Garantias,310000,,,,,,,,,,,,,,,
,,133,Programa Dirigido a Grupos de Empresas Asociatividad,Fortalecimiento Gremial y cooperativo,,Agente operador Sercotec,SOFO,FORMALIZACIÓN Y ASISTENCIA TÉCNICA DE EJECUCIÓN,9000000,La Araucanía,,,,,,,,,,,,,,
24,,,,,,,,ASISTENCIA FINANCIERA DE RENDICIONES,4800000,,,,,,,,,,,,,,,
,,,,,,,,Apoyo a la postulacion,0,,,,,,,,,,,,,,,
24,,,,,,,,Garantias,558090,,,,,,,,,,,,,,,
24,,133,Programa Dirigido a Grupos de Empresas Asociatividad,Fortalecimiento Gremial y cooperativo,,Agente operador Sercotec,Proyectaustral,FORMALIZACIÓN Y ASISTENCIA TÉCNICA DE EJECUCIÓN,3000000,Los Rios,,,,,,,,,,,,,,
24,,,,,,,,ASISTENCIA FINANCIERA DE RENDICIONES,1600000,,,,,,,,,,,,,,,
24,,,,,,,,Garantias,249737,,,,,,,,,,,,,,,
24,,133,Programa Dirigido a Grupos de Empresas Asociatividad,Fortalecimiento Gremial y cooperativo,,Agente operador Sercotec,Codesser,FORMALIZACIÓN Y ASISTENCIA TÉCNICA DE EJECUCIÓN,6000000,Los Lagos,,,,,,,,,,,,,,
24,,,,,,,,ASISTENCIA FINANCIERA DE RENDICIONES,3200000,,,,,,,,,,,,,,,
,,,,,,,,Apoyo a la postulacion,0,,,,,,,,,,,,,,,
24,,,,,,,,Garantias,289858,,,,,,,,,,,,,,,
24,,133,Programa Dirigido a Grupos de Empresas Asociatividad,Fortalecimiento Gremial y cooperativo,,Agente operador Sercotec,Consultores de la Patagonia SpA,FORMALIZACIÓN Y ASISTENCIA TÉCNICA DE EJECUCIÓN,2250000,Aysén,,,,,,,,,,,,,,
24,,,,,,,,ASISTENCIA FINANCIERA DE RENDICIONES,1200000,,,,,,,,,,,,,,,
,,,,,,,,Apoyo a la postulacion,0,,,,,,,,,,,,,,,
24,,,,,,,,Garantias,198000,,,,,,,,,,,,,,,
24,,133,Programa Dirigido a Grupos de Empresas Asociatividad,Fortalecimiento Gremial y cooperativo,,Agente operador Sercotec,MAGALLANIA CAPACITACIÓN LIMITADA,FORMALIZACIÓN Y ASISTENCIA TÉCNICA DE EJECUCIÓN,4500000,Magallanes,,,,,,,,,,,,,,
24,,,,,,,,ASISTENCIA FINANCIERA DE RENDICIONES,2400000,,,,,,,,,,,,,,,
,,,,,,,,Apoyo a la postulacion,500000,,,,,,,,,,,,,,,
24,,,,,,,,Garantias,581250,,,,,,,,,,,,,,,
24,,133,Programa Dirigido a Grupos de Empresas Asociatividad,CONFEDERACIONES Y FEDERACIONES  NACIONALES,Benef _GN'!A1,Agente operador Sercotec,Santiago innova,FORMALIZACIÓN Y ASISTENCIA TÉCNICA DE EJECUCIÓN,10400000,Nivel central,,,,,,,,,,,,,,
24,,,,,,,,ASISTENCIA FINANCIERA DE RENDICIONES,13800000,,,,,,,,,,,,,,,
24,,,,,,,,Garantias,1812000,,,,,,,,,,,,,,,
24,,133,Programa Dirigido a Grupos de Empresas Asociatividad,Programa de Desarrollo de Ferías Libres,Beneficiarios/as Ferias Libre,Agente Operador Sercotec,Codesser,Asistencia Técnica a Implementación del Proyecto,1762329,Arica y Parinacota,Sin observaciones,,,,,,,,,,,,,
,,,,,,,,Asesoría Especializada,0,,Sin observaciones,,,,,,,,,,,,,
,,,,,,,,Evaluación. Supervisión y Seguimiento de la Ejecución,2964825,,Sin observaciones,,,,,,,,,,,,,
,,,,,,,,Garantías,322469,,Sin observaciones,,,,,,,,,,,,,
24,,133,Programa Dirigido a Grupos de Empresas Asociatividad,Programa de Desarrollo de Ferías Libres,,Agente Operador Sercotec,Chile Consultor,Asistencia Técnica a Implementación del Proyecto,3839579,Tarapacá,Sin observaciones,,,,,,,,,,,,,
,,,,,,,,Asesoría Especializada,6400000,,Sin observaciones,,,,,,,,,,,,,
,,,,,,,,Evaluación. Supervisión y Seguimiento de la Ejecución,6773052,,Sin observaciones,,,,,,,,,,,,,
,,,,,,,,Garantías,3455638,,Sin observaciones,,,,,,,,,,,,,
24,,133,Programa Dirigido a Grupos de Empresas Asociatividad,Programa de Desarrollo de Ferías Libres,,Agente Operador Sercotec,EXPRO LTDA.,Asistencia Técnica a Implementación del Proyecto,908262,Antofagasta,Sin observaciones,,,,,,,,,,,,,
,,,,,,,,Asesoría Especializada,2400000,,Sin observaciones,,,,,,,,,,,,,
,,,,,,,,Evaluación. Supervisión y Seguimiento de la Ejecución,1645600,,Sin observaciones,,,,,,,,,,,,,
,,,,,,,,Garantías,839592,,Sin observaciones,,,,,,,,,,,,,
24,,133,Programa Dirigido a Grupos de Empresas Asociatividad,Programa de Desarrollo de Ferías Libres,,Agente Operador Sercotec,Chile Consultor,Asistencia Técnica a Implementación del Proyecto,1022444,Atacama,Sin observaciones,,,,,,,,,,,,,
,,,,,,,,Asesoría Especializada,0,,Sin observaciones,,,,,,,,,,,,,
,,,,,,,,Evaluación. Supervisión y Seguimiento de la Ejecución,1720092,,Sin observaciones,,,,,,,,,,,,,
,,,,,,,,Garantías,419159,,Sin observaciones,,,,,,,,,,,,,
24,,133,Programa Dirigido a Grupos de Empresas Asociatividad,Programa de Desarrollo de Ferías Libres,,Agente Operador Sercotec,SENDA,Asistencia Técnica a Implementación del Proyecto,1251191,Coquimbo,Sin observaciones,,,,,,,,,,,,,
,,,,,,,,Asesoría Especializada,3500000,,Sin observaciones,,,,,,,,,,,,,
,,,,,,,,Evaluación. Supervisión y Seguimiento de la Ejecución,2959898,,Sin observaciones,,,,,,,,,,,,,
,,,,,,,,Garantías,464576,,Sin observaciones,,,,,,,,,,,,,
24,,133,Programa Dirigido a Grupos de Empresas Asociatividad,Programa de Desarrollo de Ferías Libres,,Agente Operador Sercotec,CICAL,Asistencia Técnica a Implementación del Proyecto,5102807,Valparaíso,Sin observaciones,,,,,,,,,,,,,
,,,,,,,,Asesoría Especializada,0,,Sin observaciones,,,,,,,,,,,,,
,,,,,,,,Evaluación. Supervisión y Seguimiento de la Ejecución,8584622,,Sin observaciones,,,,,,,,,,,,,
,,,,,,,,Garantías,4379909,,Sin observaciones,,,,,,,,,,,,,
24,,133,Programa Dirigido a Grupos de Empresas Asociatividad,Programa de Desarrollo de Ferías Libres,,Agente Operador Sercotec,CORPORACION SANTIAGO INNOVA,Asistencia Técnica a Implementación del Proyecto,11678520,Metropolitana,Sin observaciones,,,,,,,,,,,,,
,,,,,,,,Asesoría Especializada,0,,Sin observaciones,,,,,,,,,,,,,
,,,,,,,,Evaluación. Supervisión y Seguimiento de la Ejecución,19119238,,Sin observaciones,,,,,,,,,,,,,
,,,,,,,,Garantías,9732099,,Sin observaciones,,,,,,,,,,,,,
24,,133,Programa Dirigido a Grupos de Empresas Asociatividad,Programa de Desarrollo de Ferías Libres,,Agente Operador Sercotec,FyJ consultores SPA,Asistencia Técnica a Implementación del Proyecto,6688317,O'Higgins,Sin observaciones,,,,,,,,,,,,,
,,,,,,,,Asesoría Especializada,0,,Sin observaciones,,,,,,,,,,,,,
,,,,,,,,Evaluación. Supervisión y Seguimiento de la Ejecución,11251979,,Sin observaciones,,,,,,,,,,,,,
,,,,,,,,Garantías,5719014,,Sin observaciones,,,,,,,,,,,,,
24,,133,Programa Dirigido a Grupos de Empresas Asociatividad,Programa de Desarrollo de Ferías Libres,,Agente Operador Sercotec,ALTA GESTION EIRL,Asistencia Técnica a Implementación del Proyecto,5308694,Maule,Sin observaciones,,,,,,,,,,,,,
,,,,,,,,Asesoría Especializada,8000000,,Sin observaciones,,,,,,,,,,,,,
,,,,,,,,Evaluación. Supervisión y Seguimiento de la Ejecución,11225645,,Sin observaciones,,,,,,,,,,,,,
,,,,,,,,Garantías,1662592,,Sin observaciones,,,,,,,,,,,,,
24,,133,Programa Dirigido a Grupos de Empresas Asociatividad,Programa de Desarrollo de Ferías Libres,,Agente Operador Sercotec,SERVICIOS PROFESIONALES SPA,Asistencia Técnica a Implementación del Proyecto,30032210,Ñuble,Sin observaciones,,,,,,,,,,,,,
,,,,,,,,Asesoría Especializada,900966,,Sin observaciones,,,,,,,,,,,,,
,,,,,,,,Evaluación. Supervisión y Seguimiento de la Ejecución,1515726,,Sin observaciones,,,,,,,,,,,,,
,,,,,,,,Garantías,773329,,Sin observaciones,,,,,,,,,,,,,
24,,133,Programa Dirigido a Grupos de Empresas Asociatividad,Programa de Desarrollo de Ferías Libres,,Agente Operador Sercotec,SERVICIOS PROFESIONALES SPA,Asistencia Técnica a Implementación del Proyecto,4271390,Biobío,Sin observaciones,,,,,,,,,,,,,
,,,,,,,,Asesoría Especializada,7200000,,Sin observaciones,,,,,,,,,,,,,
,,,,,,,,Evaluación. Supervisión y Seguimiento de la Ejecución,0,,Sin observaciones,,,,,,,,,,,,,
,,,,,,,,Garantías,0,,Sin observaciones,,,,,,,,,,,,,
24,,133,Programa Dirigido a Grupos de Empresas Asociatividad,Programa de Desarrollo de Ferías Libres,,Agente Operador Sercotec,FUDEA UFRO,Asistencia Técnica a Implementación del Proyecto,6971523,La Araucanía,Sin observaciones,,,,,,,,,,,,,
,,,,,,,,Asesoría Especializada,0,,Sin observaciones,,,,,,,,,,,,,
,,,,,,,,Evaluación. Supervisión y Seguimiento de la Ejecución,13604054,,Sin observaciones,,,,,,,,,,,,,
,,,,,,,,Garantías,2403115,,Sin observaciones,,,,,,,,,,,,,
24,,133,Programa Dirigido a Grupos de Empresas Asociatividad,Programa de Desarrollo de Ferías Libres,,Agente Operador Sercotec,Asesorías Ferrada. González y Ramírez Limitada.,Asistencia Técnica a Implementación del Proyecto,2618834,Los Ríos,Sin observaciones,,,,,,,,,,,,,
,,,,,,,,Asesoría Especializada,8800000,,Sin observaciones,,,,,,,,,,,,,
,,,,,,,,Evaluación. Supervisión y Seguimiento de la Ejecución,4836951,,Sin observaciones,,,,,,,,,,,,,
,,,,,,,,Garantías,2467832,,Sin observaciones,,,,,,,,,,,,,
24,,133,Programa Dirigido a Grupos de Empresas Asociatividad,Programa de Desarrollo de Ferías Libres,,Agente Operador Sercotec,Codesser,Asistencia Técnica a Implementación del Proyecto,4052183,Los Lagos,Sin observaciones,,,,,,,,,,,,,
,,,,,,,,Asesoría Especializada,7200000,,Sin observaciones,,,,,,,,,,,,,
,,,,,,,,Evaluación. Supervisión y Seguimiento de la Ejecución,7169922,,Sin observaciones,,,,,,,,,,,,,
,,,,,,,,Garantías,3658123,,Sin observaciones,,,,,,,,,,,,,
24,,133,Programa Dirigido a Grupos de Empresas Asociatividad,Programa de Desarrollo de Ferías Libres,,Agente Operador Sercotec,CONSULTORES DE LA PATAGONIA ASOCIADOS LIMITADA,Asistencia Técnica a Implementación del Proyecto,720000,Aysén,Sin observaciones,,,,,,,,,,,,,
,,,,,,,,Asesoría Especializada,1600000,,Sin observaciones,,,,,,,,,,,,,
,,,,,,,,Evaluación. Supervisión y Seguimiento de la Ejecución,1289680,,Sin observaciones,,,,,,,,,,,,,
,,,,,,,,Garantías,571898,,Sin observaciones,,,,,,,,,,,,,
24,,133,Programa Dirigido a Grupos de Empresas Asociatividad,Programa de Desarrollo de Ferías Libres,,Agente Operador Sercotec,Codesser,Asistencia Técnica a Implementación del Proyecto,847236,Magallanes,Sin observaciones,,,,,,,,,,,,,
,,,,,,,,Asesoría Especializada,727.21,,Sin observaciones,,,,,,,,,,,,,
,,,,,,,,Evaluación. Supervisión y Seguimiento de la Ejecución,1425332,,Sin observaciones,,,,,,,,,,,,,
,,,,,,,,Garantías,0,,Sin observaciones,,,,,,,,,,,,,
24,,133,Programa Dirigido a Grupos de Empresas Asociatividad,Fortalecimiento de Barrios Comerciles,Beneficiarios/as Barrios Comerciales,AOS,Barrio Comercial Bolognesi - Operación y Funcionamiento,- CORPORACION DE DESARROLLO SOCIAL DEL SECTOR RURAL  (CODESSER),7020528,Región de Arica y Parinacota,Barrio Bolognesi,,,,,,,,,,,,,
24,,133,Programa Dirigido a Grupos de Empresas Asociatividad,Fortalecimiento de Barrios Comerciles,,AOS,Barrio Huasco Bajo - Operación y funcionamiento 2022,- CORPORACION DE DESARROLLO SOCIAL DEL SECTOR RURAL  (CODESSER),14022000,Región de Atacama,Barrio Huasco bajo,,,,,,,,,,,,,
24,,133,Programa Dirigido a Grupos de Empresas Asociatividad,Fortalecimiento de Barrios Comerciles,,AOS,Operación y funcionamiento BBCC Baquedano de Coquimbo 2022,- CORPORACION DE DESARROLLO SOCIAL DEL SECTOR RURAL  (CODESSER),1564645,Región de Coquimbo,Barrio Baquedano,,,,,,,,,,,,,
24,,133,Programa Dirigido a Grupos de Empresas Asociatividad,Fortalecimiento de Barrios Comerciles,,AOS,Operación y funcionamiento BBCC Elquino de Paihuano 2022,- CORPORACION DE DESARROLLO SOCIAL DEL SECTOR RURAL  (CODESSER),2482355,Región de Coquimbo,Barrio Elquino de Paihuano,,,,,,,,,,,,,
24,,133,Programa Dirigido a Grupos de Empresas Asociatividad,Fortalecimiento de Barrios Comerciles,,AOS,Operación y funcionamiento Barrio Comercial Poniente de Viña del Mar,-  CORPORACION DE DESARROLLO SOCIAL DEL SECTOR RURAL  (CODESSER),4783820,Región de Valparaíso,Barrio Poniente ,,,,,,,,,,,,,
24,,133,Programa Dirigido a Grupos de Empresas Asociatividad,Fortalecimiento de Barrios Comerciles,,AOS,Operación y funcionamiento Barrio Comercial Llolleo de San Antonio,-  CORPORACION DE DESARROLLO SOCIAL DEL SECTOR RURAL  (CODESSER),5626969,Región de Valparaíso,Barrio Llolleo,,,,,,,,,,,,,
24,,133,Programa Dirigido a Grupos de Empresas Asociatividad,Fortalecimiento de Barrios Comerciles,,AOS,BC FRANKLIN - Operación y Funcionamiento,-  CORPORACION DE DESARROLLO SOCIAL DEL SECTOR RURAL  (CODESSER),3149250,Región Metropolitana,Barrio Franklin,,,,,,,,,,,,,
24,,133,Programa Dirigido a Grupos de Empresas Asociatividad,Fortalecimiento de Barrios Comerciles,,AOS,BC MAIPU - Operación y Funcionamiento ,-  CORPORACION DE DESARROLLO SOCIAL DEL SECTOR RURAL  (CODESSER),3149250,Región Metropolitana,Barrio El Olimpo de Maipú,,,,,,,,,,,,,
24,,133,Programa Dirigido a Grupos de Empresas Asociatividad,Fortalecimiento de Barrios Comerciles,,AOS,BC NEPTUNO - Operación y Funcionamiento,-  CORPORACION DE DESARROLLO SOCIAL DEL SECTOR RURAL  (CODESSER),3149250,Región Metropolitana,Barrio Neptuno,,,,,,,,,,,,,
24,,133,Programa Dirigido a Grupos de Empresas Asociatividad,Fortalecimiento de Barrios Comerciles,,AOS,BC CARRASCAL - Operación y Funcionamiento,-  CORPORACION DE DESARROLLO SOCIAL DEL SECTOR RURAL  (CODESSER),3149250,Región Metropolitana,Barrio Carrascal,,,,,,,,,,,,,
24,,133,Programa Dirigido a Grupos de Empresas Asociatividad,Fortalecimiento de Barrios Comerciles,,AOS,BC PARQUE LOS REYES - Operación y Funcionamiento,-  CORPORACION DE DESARROLLO SOCIAL DEL SECTOR RURAL  (CODESSER),3149250,Región Metropolitana,Barrio Parque Los Reyes,,,,,,,,,,,,,
24,,133,Programa Dirigido a Grupos de Empresas Asociatividad,Fortalecimiento de Barrios Comerciles,,AOS,BC LASTARRIA - Operación y Funcionamiento,-  CORPORACION DE DESARROLLO SOCIAL DEL SECTOR RURAL  (CODESSER),3149250,Región Metropolitana,Barrio Lastarria,,,,,,,,,,,,,
24,,133,Programa Dirigido a Grupos de Empresas Asociatividad,Fortalecimiento de Barrios Comerciles,,AOS,BC BELLAVISTA - Operación y Funcionamiento,-  CORPORACION DE DESARROLLO SOCIAL DEL SECTOR RURAL  (CODESSER),3149250,Región Metropolitana,Barrio Bellavista,,,,,,,,,,,,,
24,,133,Programa Dirigido a Grupos de Empresas Asociatividad,Fortalecimiento de Barrios Comerciles,,AOS,BC LOS DOMINICOS - Operación y Funcionamiento,-  CORPORACION DE DESARROLLO SOCIAL DEL SECTOR RURAL  (CODESSER),3149250,Región Metropolitana,Barrio Pueblito Los Dominicos,,,,,,,,,,,,,
24,,133,Programa Dirigido a Grupos de Empresas Asociatividad,Fortalecimiento de Barrios Comerciles,,AOS,Operación y funcionamiento BBCC Colchagua Santa Cruz ,-  CORPORACION DE DESARROLLO SOCIAL DEL SECTOR RURAL  (CODESSER),3160340,Región de O'Higgins,Barrio Santa Cruz,,,,,,,,,,,,,
24,,133,Programa Dirigido a Grupos de Empresas Asociatividad,Fortalecimiento de Barrios Comerciles,,AOS,Operación y funcionamiento BBCC Estación San Vicente,-  CORPORACION DE DESARROLLO SOCIAL DEL SECTOR RURAL  (CODESSER),3565660,Región de O'Higgins,Barrio Estacion San Vicente,,,,,,,,,,,,,
24,,133,Programa Dirigido a Grupos de Empresas Asociatividad,Fortalecimiento de Barrios Comerciles,,AOS,Barrio Perla del Maule - Operación,"- SOCIEDAD DE INGENIERIA, ESTUDIO, DESARROLLO Y ASESORÍAS EMPRESARIALES, CONSULTORES DE CONSTITUCION -IDACC",6957995,Region de Maule,Barrio Perla del Maule,,,,,,,,,,,,,
24,,133,Programa Dirigido a Grupos de Empresas Asociatividad,Fortalecimiento de Barrios Comerciles,,AOS,Barrio Condorito - Operación ,"- SOCIEDAD DE INGENIERIA, ESTUDIO, DESARROLLO Y ASESORÍAS EMPRESARIALES, CONSULTORES DE CONSTITUCION -IDACC",3015721,Region de Maule,Barrio Condorito,,,,,,,,,,,,,
24,,133,Programa Dirigido a Grupos de Empresas Asociatividad,Fortalecimiento de Barrios Comerciles,,AOS,OPERACION BBCC LEBU,- SERVICIOS PROFESIONALES  SPA (AVANZAR CONSULTORES).,1172263,Region del Bio Bio,Barrio Lebu,,,,,,,,,,,,,
24,,133,Programa Dirigido a Grupos de Empresas Asociatividad,Fortalecimiento de Barrios Comerciles,,AOS,OPERACION  BBCC LAJA,- SERVICIOS PROFESIONALES  SPA (AVANZAR CONSULTORES).,3454959,Region del Bio Bio,Barrio Laja,,,,,,,,,,,,,
24,,133,Programa Dirigido a Grupos de Empresas Asociatividad,Fortalecimiento de Barrios Comerciles,,AOS,OPERACION  BBCC CORONEL,- SERVICIOS PROFESIONALES  SPA (AVANZAR CONSULTORES).,1805808,Region del Bio Bio,Barrio Coronel,,,,,,,,,,,,,
24,,133,Programa Dirigido a Grupos de Empresas Asociatividad,Fortalecimiento de Barrios Comerciles,,AOS,OPERACIÓN  BBCC CURANILAHUE,- SERVICIOS PROFESIONALES  SPA (AVANZAR CONSULTORES).,1977823,Region del Bio Bio,Barrio Curanilahue,,,,,,,,,,,,,
24,,133,Programa Dirigido a Grupos de Empresas Asociatividad,Fortalecimiento de Barrios Comerciles,,AOS,OPERACION  BBCC BILBAO,- SERVICIOS PROFESIONALES  SPA (AVANZAR CONSULTORES).,1028371,Region del Bio Bio,Barrio Bilbao,,,,,,,,,,,,,
24,,133,Programa Dirigido a Grupos de Empresas Asociatividad,Fortalecimiento de Barrios Comerciles,,AOS,OPERACION  BBCC LENGA,- SERVICIOS PROFESIONALES  SPA (AVANZAR CONSULTORES).,433281,Region del Bio Bio,Barrio Caleta Lenga,,,,,,,,,,,,,
24,,133,Programa Dirigido a Grupos de Empresas Asociatividad,Fortalecimiento de Barrios Comerciles,,AOS,Operación y funcionamiento Barrio Centro Carahue,- CORPORACION DE DESARROLLO SOCIAL DEL SECTOR RURAL  (CODESSER),1769110,Region de  La Araucania,Barrio Centor Carahue,,,,,,,,,,,,,
24,,133,Programa Dirigido a Grupos de Empresas Asociatividad,Fortalecimiento de Barrios Comerciles,,AOS,Operación y funcionamiento Barrio Patrimonial Traiguen,- CORPORACION DE DESARROLLO SOCIAL DEL SECTOR RURAL  (CODESSER),1278586,Region de  La Araucania,Barrio Patrimonial Traiguen,,,,,,,,,,,,,
24,,133,Programa Dirigido a Grupos de Empresas Asociatividad,Fortalecimiento de Barrios Comerciles,,AOS,Operación y funcionamiento Barrio Calle Blanco,- CORPORACION DE DESARROLLO SOCIAL DEL SECTOR RURAL  (CODESSER),3387516,Region de  La Araucania,Barrio Calle Blanco,,,,,,,,,,,,,
24,,133,Programa Dirigido a Grupos de Empresas Asociatividad,Fortalecimiento de Barrios Comerciles,,AOS,Operación y funcionamiento - Barrio Cochrane,- CORPORACION DE DESARROLLO SOCIAL DEL SECTOR RURAL  (CODESSER),3981166,Region de Los Rios,Barrio Cochrane,,,,,,,,,,,,,
24,,133,Programa Dirigido a Grupos de Empresas Asociatividad,Fortalecimiento de Barrios Comerciles,,AOS,Operación y funcionamiento - Barrio Plaza Libertad Lanco,- CORPORACION DE DESARROLLO SOCIAL DEL SECTOR RURAL  (CODESSER),4435438,Region de Los Rios,Barrio Plaza Libertad Lanco,,,,,,,,,,,,,
24,,133,Programa Dirigido a Grupos de Empresas Asociatividad,Fortalecimiento de Barrios Comerciles,,AOS,Operación y funcionamiento - Barrio Esmeralda Río Bueno,- CORPORACION DE DESARROLLO SOCIAL DEL SECTOR RURAL  (CODESSER),4429787,Region de Los Rios,Barrio Esmeralda Río Bueno,,,,,,,,,,,,,
24,,133,Programa Dirigido a Grupos de Empresas Asociatividad,Fortalecimiento de Barrios Comerciles,,AOS,Operación y funcionamiento - Barrio Centro Futrono,- CORPORACION DE DESARROLLO SOCIAL DEL SECTOR RURAL  (CODESSER),5023564,Region de Los Rios,Barrio Centro Futrono,,,,,,,,,,,,,
24,,133,Programa Dirigido a Grupos de Empresas Asociatividad,Fortalecimiento de Barrios Comerciles,,AOS,Operación y funcionamiento - Barrio Isla Teja,- CORPORACION DE DESARROLLO SOCIAL DEL SECTOR RURAL  (CODESSER),4588045,Region de Los Rios, Barrio Isla Teja,,,,,,,,,,,,,
24,,133,Programa Dirigido a Grupos de Empresas Asociatividad,Fortalecimiento de Barrios Comerciles,,AOS,"Barrio Manoly de Angelmó, Operación y funcionamiento ",- CORPORACION DE DESARROLLO SOCIAL DEL SECTOR RURAL  (CODESSER),5972460,Region de Los Lagos,Barrio Manoly de Angelmó,,,,,,,,,,,,,
24,,133,Programa Dirigido a Grupos de Empresas Asociatividad,Fortalecimiento de Barrios Comerciles,,AOS,"Barrio Patrimonial de Castro, Operación y funcionamiento ",- CORPORACION DE DESARROLLO SOCIAL DEL SECTOR RURAL  (CODESSER),8847540,Region de Los Lagos,Barrio Patrimonial de Castro,,,,,,,,,,,,,
24,,133,Programa Dirigido a Grupos de Empresas Asociatividad,Fortalecimiento de Barrios Comerciles,,AOS, OPERACION Y FUNCIONAMIENTO BARRIO PUYUHUAPI ,- CORPORACION DE DESARROLLO SOCIAL DEL SECTOR RURAL  (CODESSER),5130000,Region de Aysen ,Barrio Puyuhuapi,,,,,,,,,,,,,
,,,,,,,,,,,,,,,,,,,,,,,,
