AŮo;Mes;Nombre Programa;Fecha otorgamiento;Tipo acto;Denominaciůn del acto;Fecha acto;Numero de acto;Razůn social;Nombres;Primer apellido;Segundo apellido
2023;julio;Ruta Digital;25-07-2023;Acto;Comitť de evaluaciůn regional;25-07-2023;14-2023;PAULA ALEJANDRA ANDRADE VŃSQUEZ;No aplica;No aplica;No aplica
2023;agosto;Ruta Digital;08-08-2023;Acto;Comitť de evaluaciůn regional;08-08-2023;22-070823;JAVIER FERNANDO VARGAS TORRES;No aplica;No aplica;No aplica
2023;julio;Ruta Digital;28-07-2023;Acto;Comitť de evaluaciůn regional;28-07-2023;21-2023;MARY LUZ DIEZ IBARRA ARTE Y DISE—O EIRL;No aplica;No aplica;No aplica
2023;julio;Ruta Digital;27-07-2023;Acto;Comitť de evaluaciůn regional;27-07-2023;28-2023;MARIBEL ALEJANDRA MU—OZ CEA;No aplica;No aplica;No aplica
2023;julio;Ruta Digital;27-07-2023;Acto;Comitť de evaluaciůn regional;27-07-2023;020-2023;ALEX SAMUEL MAMANI VISA;No aplica;No aplica;No aplica
2023;agosto;Ruta Digital;01-08-2023;Acto;Comitť de evaluaciůn regional;01-08-2023;30-2023;SOLEDAD EUGENIA G”MEZ ESPINOZA;No aplica;No aplica;No aplica
2023;julio;Ruta Digital;27-07-2023;Acto;Comitť de evaluaciůn regional;27-07-2023;142023;MELISSA EVELYN URBANO DÕAZ;No aplica;No aplica;No aplica
2023;julio;Ruta Digital;25-07-2023;Acto;Comitť de evaluaciůn regional;25-07-2023;14-2023;ADRIANA MARÕA ISABEL BAIER ORTIZ;No aplica;No aplica;No aplica
2023;julio;Ruta Digital;25-07-2023;Acto;Comitť de evaluaciůn regional;25-07-2023;14-2023;PAMELA ISABEL RODRÕGUEZ CUEVAS;No aplica;No aplica;No aplica
2023;agosto;Ruta Digital;08-08-2023;Acto;Comitť de evaluaciůn regional;08-08-2023;22-070823;DANIELA PAZ LEIVA O—ATE;No aplica;No aplica;No aplica
2023;agosto;Ruta Digital;22-08-2023;Acto;Comitť de evaluaciůn regional;22-08-2023;74-2023;ELIZABETH ALEJANDRA Nŕ—EZ MANRÕQUEZ;No aplica;No aplica;No aplica
2023;agosto;Ruta Digital;17-08-2023;Acto;Comitť de evaluaciůn regional;17-08-2023;18-2023;DANIELA CAROLINA VERA TEJEDA;No aplica;No aplica;No aplica
2023;agosto;Ruta Digital;01-08-2023;Acto;Comitť de evaluaciůn regional;01-08-2023;22-2023;MARGARITA DE LAS MERCEDES FAŕNDEZ CŃCERES;No aplica;No aplica;No aplica
2023;agosto;Ruta Digital;17-08-2023;Acto;Comitť de evaluaciůn regional;17-08-2023;18-2023;IVŃN MARIO OCAMPO BULJAN;No aplica;No aplica;No aplica
2023;agosto;Ruta Digital;01-08-2023;Acto;Comitť de evaluaciůn regional;01-08-2023;22-2023;RESORTES GOMEZ LTDA;No aplica;No aplica;No aplica
2023;julio;Ruta Digital;25-07-2023;Acto;Comitť de evaluaciůn regional;25-07-2023;14-2023;JULIA ISABEL CUEVAS ALLAPAN;No aplica;No aplica;No aplica
2023;julio;Ruta Digital;27-07-2023;Acto;Comitť de evaluaciůn regional;27-07-2023;142023;ZUNILDA ALINA ARIAS MOYA;No aplica;No aplica;No aplica
2023;agosto;Ruta Digital;07-08-2023;Acto;Comitť de evaluaciůn regional;07-08-2023;020-2023;EMA LUCILA ARANIBAR MAMANI;No aplica;No aplica;No aplica
2023;julio;Ruta Digital;31-07-2023;Acto;Comitť de evaluaciůn regional;31-07-2023;24-2023;ALICIA LORENA GELDRES HIGUERAS;No aplica;No aplica;No aplica
2023;agosto;Ruta Digital;01-08-2023;Acto;Comitť de evaluaciůn regional;01-08-2023;30-2023;XIMENA HAIDEE CONEJEROS VERGARA;No aplica;No aplica;No aplica
2023;julio;Ruta Digital;31-07-2023;Acto;Comitť de evaluaciůn regional;31-07-2023;24-2023;BIOINNOVA SPA;No aplica;No aplica;No aplica
2023;agosto;Ruta Digital;03-08-2023;Acto;Comitť de evaluaciůn regional;03-08-2023;27-2023;CECILIA ALEJANDRA YŃ—EZ MEDINA;No aplica;No aplica;No aplica
2023;julio;Ruta Digital;27-07-2023;Acto;Comitť de evaluaciůn regional;27-07-2023;020-2023;LUIS ALONSO ANDRADE REBOLLEDO;No aplica;No aplica;No aplica
2023;julio;Ruta Digital;27-07-2023;Acto;Comitť de evaluaciůn regional;27-07-2023;25-2023;PATRICIA MASSIEL ABARCA DROGUETT;No aplica;No aplica;No aplica
2023;agosto;Ruta Digital;17-08-2023;Acto;Comitť de evaluaciůn regional;17-08-2023;18-2023;SERVICIOS DE CAPACITACION CREACCION LTDA.;No aplica;No aplica;No aplica
2023;agosto;Ruta Digital;03-08-2023;Acto;Comitť de evaluaciůn regional;03-08-2023;27-2023;YESSICA DE LAS NIEVES DIAZ MATAMALA;No aplica;No aplica;No aplica
2023;julio;Ruta Digital;27-07-2023;Acto;Comitť de evaluaciůn regional;27-07-2023;142023;GESTION AMBIENTAL RESOLIQ LIMITADA;No aplica;No aplica;No aplica
2023;julio;Ruta Digital;27-07-2023;Acto;Comitť de evaluaciůn regional;27-07-2023;142023;BENERILDA DEL PILAR BURBOA GARCIA;No aplica;No aplica;No aplica
2023;agosto;Ruta Digital;17-08-2023;Acto;Comitť de evaluaciůn regional;17-08-2023;18-2023;VICTORIA PILAR SUBIABRE B”RQUEZ;No aplica;No aplica;No aplica
2023;agosto;Ruta Digital;08-08-2023;Acto;Comitť de evaluaciůn regional;08-08-2023;22-070823;AGRICOLA FORESTAL Y GANADERA VALLE VERDE LTDA;No aplica;No aplica;No aplica
2023;julio;Ruta Digital;27-07-2023;Acto;Comitť de evaluaciůn regional;27-07-2023;28-2023;GONZALO SAAVEDRA E HIJO LIMITADA;No aplica;No aplica;No aplica
2023;agosto;Ruta Digital;01-08-2023;Acto;Comitť de evaluaciůn regional;01-08-2023;30-2023;TURISMO PEWMA FUTRONO LTDA.;No aplica;No aplica;No aplica
2023;agosto;Ruta Digital;08-08-2023;Acto;Comitť de evaluaciůn regional;08-08-2023;22-070823;VIVIANA FRANCISCA CŃRDENAS DÕAZ;No aplica;No aplica;No aplica
2023;julio;Ruta Digital;27-07-2023;Acto;Comitť de evaluaciůn regional;27-07-2023;020-2023;BETTY EDITH ZAVALA GUZMŃN;No aplica;No aplica;No aplica
2023;julio;Ruta Digital;28-07-2023;Acto;Comitť de evaluaciůn regional;28-07-2023;21-2023;TURISMO LOS MOLLES LIMITADA;No aplica;No aplica;No aplica
2023;julio;Ruta Digital;25-07-2023;Acto;Comitť de evaluaciůn regional;25-07-2023;011-2023;JUAN ORELLANA BAHAMONDEZ;No aplica;No aplica;No aplica
2023;agosto;Ruta Digital;08-08-2023;Acto;Comitť de evaluaciůn regional;08-08-2023;22-070823;GASTON HUANQUIL FUENTEALBA;No aplica;No aplica;No aplica
2023;julio;Ruta Digital;31-07-2023;Acto;Comitť de evaluaciůn regional;31-07-2023;24-2023;MAURICIO ORMAZABAL RODRIGUEZ;No aplica;No aplica;No aplica
2023;julio;Ruta Digital;27-07-2023;Acto;Comitť de evaluaciůn regional;27-07-2023;25-2023;ANDREA ALMARZA ARAYA;No aplica;No aplica;No aplica
2023;agosto;Ruta Digital;03-08-2023;Acto;Comitť de evaluaciůn regional;03-08-2023;27-2023;MARITZA IVONNE RIFFO ARRIAGADA;No aplica;No aplica;No aplica
2023;julio;Ruta Digital;31-07-2023;Acto;Comitť de evaluaciůn regional;31-07-2023;24-2023;ELIZABETH FARIAS HERNANDEZ;No aplica;No aplica;No aplica
2023;agosto;Ruta Digital;22-08-2023;Acto;Comitť de evaluaciůn regional;22-08-2023;74-2023;PASTELERÕA LETICIA DEL PILAR HUARACŃN RIVEROS E.I.R.L.;No aplica;No aplica;No aplica
2023;julio;Ruta Digital;27-07-2023;Acto;Comitť de evaluaciůn regional;27-07-2023;25-2023;SCHLOMIT SOLEDAD MELLA SANCHEZ;No aplica;No aplica;No aplica
2023;julio;Ruta Digital;27-07-2023;Acto;Comitť de evaluaciůn regional;27-07-2023;25-2023;CRISTOPHER PRECIVAL MURDEN VERA;No aplica;No aplica;No aplica
2023;agosto;Ruta Digital;01-08-2023;Acto;Comitť de evaluaciůn regional;01-08-2023;30-2023;CRISTINA BEATRIZ MORA PIZARRO;No aplica;No aplica;No aplica
2023;agosto;Ruta Digital;01-08-2023;Acto;Comitť de evaluaciůn regional;01-08-2023;22-2023;EDUARDO ANTONIO FUENTES HERNANDEZ;No aplica;No aplica;No aplica
2023;agosto;Ruta Digital;01-08-2023;Acto;Comitť de evaluaciůn regional;01-08-2023;22-2023;SOCIEDAD COMERCIAL MIRAFLORES LTDA;No aplica;No aplica;No aplica
2023;julio;Ruta Digital;25-07-2023;Acto;Comitť de evaluaciůn regional;25-07-2023;011-2023;ROSA POBLETE POBLETE;No aplica;No aplica;No aplica
2023;julio;Ruta Digital;27-07-2023;Acto;Comitť de evaluaciůn regional;27-07-2023;28-2023;HERICK PAUL QUISPE COAGUILA;No aplica;No aplica;No aplica
2023;julio;Ruta Digital;27-07-2023;Acto;Comitť de evaluaciůn regional;27-07-2023;142023;CIAV SPA;No aplica;No aplica;No aplica
2023;agosto;Ruta Digital;07-08-2023;Acto;Comitť de evaluaciůn regional;07-08-2023;020-2023;LUIS MORENO ARQUEROS;No aplica;No aplica;No aplica
2023;agosto;Ruta Digital;03-08-2023;Acto;Comitť de evaluaciůn regional;03-08-2023;27-2023;SOCIEDAD COMERCIAL GUPALUS LIMITADA;No aplica;No aplica;No aplica
2023;agosto;Ruta Digital;01-08-2023;Acto;Comitť de evaluaciůn regional;01-08-2023;30-2023;SANTUARIO CERVECERO SPA;No aplica;No aplica;No aplica
2023;julio;Ruta Digital;27-07-2023;Acto;Comitť de evaluaciůn regional;27-07-2023;25-2023;LILI CAROLINA ARAYA CARVAJAL;No aplica;No aplica;No aplica
2023;agosto;Ruta Digital;01-08-2023;Acto;Comitť de evaluaciůn regional;01-08-2023;30-2023;GEMA MARÕA GUADALUPE SEPŕLVEDA GUERRA;No aplica;No aplica;No aplica
2023;julio;Ruta Digital;31-07-2023;Acto;Comitť de evaluaciůn regional;31-07-2023;24-2023;BERNARDA M”NICA HERMOSILLA SOTO;No aplica;No aplica;No aplica
2023;julio;Ruta Digital;28-07-2023;Acto;Comitť de evaluaciůn regional;28-07-2023;21-2023;MARÕA FRANCISCA ROJAS REYES;No aplica;No aplica;No aplica
2023;julio;Ruta Digital;27-07-2023;Acto;Comitť de evaluaciůn regional;27-07-2023;25-2023;MARÕA LUISA BOLADOS ALFARO;No aplica;No aplica;No aplica
2023;julio;Ruta Digital;25-07-2023;Acto;Comitť de evaluaciůn regional;25-07-2023;011-2023;HUGUETH ALEJANDRA VARGAS RÕOS;No aplica;No aplica;No aplica
2023;septiembre;Ruta Digital;25-09-2023;Acto;Comitť de evaluaciůn regional;25-09-2023;030-2023;CENTRO DE EST…TICA Y SALUD NUEVA PIEL SPA;No aplica;No aplica;No aplica
2023;agosto;Ruta Digital;22-08-2023;Acto;Comitť de evaluaciůn regional;22-08-2023;74-2023;ROSA CHERQUIAN LLANQUITRUF;No aplica;No aplica;No aplica
2023;julio;Ruta Digital;31-07-2023;Acto;Comitť de evaluaciůn regional;31-07-2023;24-2023;PAULA ANDREA ROSA AMELIA LE”N BALMACEDA;No aplica;No aplica;No aplica
2023;julio;Ruta Digital;27-07-2023;Acto;Comitť de evaluaciůn regional;27-07-2023;020-2023;CENTRO TURISTICO VILA VILA LTDA.;No aplica;No aplica;No aplica
2023;julio;Ruta Digital;27-07-2023;Acto;Comitť de evaluaciůn regional;27-07-2023;142023;SERVICIOS AGRÕCOLAS SOLUAGRO LIMITADA;No aplica;No aplica;No aplica
2023;agosto;Ruta Digital;07-08-2023;Acto;Comitť de evaluaciůn regional;07-08-2023;020-2023;LA BODEGUITA DE ALJAYA SPA;No aplica;No aplica;No aplica
2023;julio;Ruta Digital;28-07-2023;Acto;Comitť de evaluaciůn regional;28-07-2023;21-2023;MARGARITA DEL CARMEN GONZALEZ VEGA;No aplica;No aplica;No aplica
2023;julio;Ruta Digital;25-07-2023;Acto;Comitť de evaluaciůn regional;25-07-2023;011-2023;NORA DEL CARMEN MU—OZ GONZŃLEZ;No aplica;No aplica;No aplica
2023;julio;Ruta Digital;28-07-2023;Acto;Comitť de evaluaciůn regional;28-07-2023;21-2023;KATHERINE ESTRELLA VARGAS URBINA;No aplica;No aplica;No aplica
2023;julio;Ruta Digital;31-07-2023;Acto;Comitť de evaluaciůn regional;31-07-2023;24-2023;CONFITES Y CHOCOLATES DARIOLET CAROLINA EBERL QUIROZ E.I.R.L.;No aplica;No aplica;No aplica
2023;julio;Ruta Digital;25-07-2023;Acto;Comitť de evaluaciůn regional;25-07-2023;14-2023;INGENIERÕA MAURICIO HOMSOLOMOVIC E.I.R.L.;No aplica;No aplica;No aplica
2023;julio;Ruta Digital;28-07-2023;Acto;Comitť de evaluaciůn regional;28-07-2023;21-2023;LABORATORIO DE SUELO Y SERVICIOS;No aplica;No aplica;No aplica
2023;julio;Ruta Digital;27-07-2023;Acto;Comitť de evaluaciůn regional;27-07-2023;25-2023;JOHANA DANIELA HERRERA RIVERA;No aplica;No aplica;No aplica
2023;julio;Ruta Digital;25-07-2023;Acto;Comitť de evaluaciůn regional;25-07-2023;14-2023;DANIELA PAZ VERA ROJAS;No aplica;No aplica;No aplica
2023;julio;Ruta Digital;27-07-2023;Acto;Comitť de evaluaciůn regional;27-07-2023;25-2023;GIANCARLO CATTABENI SAMS” RESTOBAR EIRL;No aplica;No aplica;No aplica
2023;agosto;Ruta Digital;01-08-2023;Acto;Comitť de evaluaciůn regional;01-08-2023;30-2023;SOLEDAD JACQUELINE ALEUY OYARZUN GASTRONOMIA E.I.R.L.;No aplica;No aplica;No aplica
2023;agosto;Ruta Digital;08-08-2023;Acto;Comitť de evaluaciůn regional;08-08-2023;22-070823;EVENTOS RIO SUR SPA;No aplica;No aplica;No aplica
2023;julio;Ruta Digital;27-07-2023;Acto;Comitť de evaluaciůn regional;27-07-2023;142023;SERVICIOS TURISTICOS DAVID EDUARDO VIVERO ARRIAGADA EIRL;No aplica;No aplica;No aplica
2023;julio;Ruta Digital;27-07-2023;Acto;Comitť de evaluaciůn regional;27-07-2023;142023;RUTH PATRICIA LLANCALEO SAAVEDRA;No aplica;No aplica;No aplica
2023;agosto;Ruta Digital;01-08-2023;Acto;Comitť de evaluaciůn regional;01-08-2023;30-2023;SIM”N LEONIDAS CASTRO ALTAMIRANO;No aplica;No aplica;No aplica
2023;julio;Ruta Digital;25-07-2023;Acto;Comitť de evaluaciůn regional;25-07-2023;14-2023;CHILETROUT SPA;No aplica;No aplica;No aplica
2023;julio;Ruta Digital;31-07-2023;Acto;Comitť de evaluaciůn regional;31-07-2023;24-2023;NOMPUEHUENU SPA;No aplica;No aplica;No aplica
2023;julio;Ruta Digital;25-07-2023;Acto;Comitť de evaluaciůn regional;25-07-2023;14-2023;ELIZABETH DEL ROSARIO RAIPILLŃN BARRÕA;No aplica;No aplica;No aplica
2023;agosto;Ruta Digital;22-08-2023;Acto;Comitť de evaluaciůn regional;22-08-2023;74-2023;NICOLE ANDREA SANCHEZ ARREDONDO;No aplica;No aplica;No aplica
2023;agosto;Ruta Digital;03-08-2023;Acto;Comitť de evaluaciůn regional;03-08-2023;27-2023;PRODUCTOS ALIMENTICIOS Y COMERCIO MINORISTA DIVERSO KATHERINE QUERO SOTO EIRL;No aplica;No aplica;No aplica
2023;julio;Ruta Digital;31-07-2023;Acto;Comitť de evaluaciůn regional;31-07-2023;24-2023;FLAMINGO COFFEE BREAK SPA;No aplica;No aplica;No aplica
2023;julio;Ruta Digital;27-07-2023;Acto;Comitť de evaluaciůn regional;27-07-2023;020-2023;MAGDALENA ELIANA CHOQUE LUNA;No aplica;No aplica;No aplica
2023;septiembre;Ruta Digital;25-09-2023;Acto;Comitť de evaluaciůn regional;25-09-2023;030-2023;GINNY ARAYA CARMONA;No aplica;No aplica;No aplica
2023;agosto;Ruta Digital;01-08-2023;Acto;Comitť de evaluaciůn regional;01-08-2023;30-2023;LABORATORIO DENTAL MACKARENA SEPULVEDA LOVERA E.I.R.L.;No aplica;No aplica;No aplica
2023;julio;Ruta Digital;25-07-2023;Acto;Comitť de evaluaciůn regional;25-07-2023;14-2023;EL GALP”N;No aplica;No aplica;No aplica
2023;agosto;Ruta Digital;17-08-2023;Acto;Comitť de evaluaciůn regional;17-08-2023;18-2023;ANIBAL EDUARDO ALVARADO SOTO;No aplica;No aplica;No aplica
2023;agosto;Ruta Digital;07-08-2023;Acto;Comitť de evaluaciůn regional;07-08-2023;020-2023;LUIS ANTONIO GARCÕA MAMANI;No aplica;No aplica;No aplica
2023;agosto;Ruta Digital;01-08-2023;Acto;Comitť de evaluaciůn regional;01-08-2023;22-2023;ARRIAGADA Y OLMEDO SPA;No aplica;No aplica;No aplica
2023;julio;Ruta Digital;25-07-2023;Acto;Comitť de evaluaciůn regional;25-07-2023;011-2023;JAVIERA VIOLETA GALLINATO CANALES;No aplica;No aplica;No aplica
2023;agosto;Ruta Digital;01-08-2023;Acto;Comitť de evaluaciůn regional;01-08-2023;30-2023;NALDO ALEJANDRO NAVARRO BADILLA;No aplica;No aplica;No aplica
2023;agosto;Ruta Digital;01-08-2023;Acto;Comitť de evaluaciůn regional;01-08-2023;30-2023;TURISMO JAOS E.I.R.L;No aplica;No aplica;No aplica
2023;agosto;Ruta Digital;01-08-2023;Acto;Comitť de evaluaciůn regional;01-08-2023;22-2023;CONSTRUCTORA Y COMERCIALIZADORA PIEDRAS MAGICAS SPA;No aplica;No aplica;No aplica
2023;agosto;Ruta Digital;01-08-2023;Acto;Comitť de evaluaciůn regional;01-08-2023;30-2023;COOPERATIVA AGRICOLA LECHERA ARCO IRIS LIMITADA;No aplica;No aplica;No aplica
2023;julio;Ruta Digital;27-07-2023;Acto;Comitť de evaluaciůn regional;27-07-2023;25-2023;AGENCIA DE VIAJES Y COMERCIALIZADORA CHILLITRIP LTDA;No aplica;No aplica;No aplica
2023;agosto;Ruta Digital;22-08-2023;Acto;Comitť de evaluaciůn regional;22-08-2023;74-2023;ELABORACIONES VALENTINA AMDREA ASTETE ALEGRÕA E.I.R.L;No aplica;No aplica;No aplica
2023;julio;Ruta Digital;27-07-2023;Acto;Comitť de evaluaciůn regional;27-07-2023;142023;WENDO HENRY ARIAS OSORIO;No aplica;No aplica;No aplica
2023;agosto;Ruta Digital;08-08-2023;Acto;Comitť de evaluaciůn regional;08-08-2023;22-070823;ALEJANDRA FABIANA GENNARO GENNARO;No aplica;No aplica;No aplica
2023;julio;Ruta Digital;31-07-2023;Acto;Comitť de evaluaciůn regional;31-07-2023;24-2023;RESIDENCIAL;No aplica;No aplica;No aplica
2023;agosto;Ruta Digital;01-08-2023;Acto;Comitť de evaluaciůn regional;01-08-2023;22-2023;ORIGEN NATURAL SPA;No aplica;No aplica;No aplica
2023;julio;Ruta Digital;28-07-2023;Acto;Comitť de evaluaciůn regional;28-07-2023;21-2023;PAULINA BEL…N FARÕAS DELGADO;No aplica;No aplica;No aplica
2023;julio;Ruta Digital;28-07-2023;Acto;Comitť de evaluaciůn regional;28-07-2023;21-2023;LIMONNA SPA;No aplica;No aplica;No aplica
2023;agosto;Ruta Digital;07-08-2023;Acto;Comitť de evaluaciůn regional;07-08-2023;020-2023;LUCY MENDIETA VILLCA;No aplica;No aplica;No aplica
2023;julio;Ruta Digital;27-07-2023;Acto;Comitť de evaluaciůn regional;27-07-2023;25-2023;INVERSIONES GUTIERREZ Y BARRIOS LTDA.;No aplica;No aplica;No aplica
2023;agosto;Ruta Digital;22-08-2023;Acto;Comitť de evaluaciůn regional;22-08-2023;74-2023;NOVESAN SPA;No aplica;No aplica;No aplica
2023;agosto;Ruta Digital;08-08-2023;Acto;Comitť de evaluaciůn regional;08-08-2023;22-070823;ASESORIAS JURIDICAS EMPRESARIALES SPA;No aplica;No aplica;No aplica
2023;agosto;Ruta Digital;17-08-2023;Acto;Comitť de evaluaciůn regional;17-08-2023;18-2023;SOCIEDAD EDUCACIONAL MAGALLANES AUSTRAL SPA;No aplica;No aplica;No aplica
2023;agosto;Ruta Digital;01-08-2023;Acto;Comitť de evaluaciůn regional;01-08-2023;22-2023;CONSTRUCTORA Y COMERCIAL ICALMA LIMITADA;No aplica;No aplica;No aplica
2023;julio;Ruta Digital;27-07-2023;Acto;Comitť de evaluaciůn regional;27-07-2023;020-2023;GUAU SPA;No aplica;No aplica;No aplica
2023;julio;Ruta Digital;27-07-2023;Acto;Comitť de evaluaciůn regional;27-07-2023;25-2023;SHILEY SIOYEN CHANG SEPULVEDA;No aplica;No aplica;No aplica
2023;agosto;Ruta Digital;22-08-2023;Acto;Comitť de evaluaciůn regional;22-08-2023;74-2023;ROSITA HONORATA CORDOVA CANCINO;No aplica;No aplica;No aplica
2023;agosto;Ruta Digital;07-08-2023;Acto;Comitť de evaluaciůn regional;07-08-2023;020-2023;MANTHA ODONTOLOGIA SPA;No aplica;No aplica;No aplica
2023;julio;Ruta Digital;27-07-2023;Acto;Comitť de evaluaciůn regional;27-07-2023;020-2023;BISQUERT Y DENEGRI SPA;No aplica;No aplica;No aplica
2023;julio;Ruta Digital;27-07-2023;Acto;Comitť de evaluaciůn regional;27-07-2023;28-2023;INVERSIONES DE CAPITAL ADLER SPA;No aplica;No aplica;No aplica
2023;julio;Ruta Digital;27-07-2023;Acto;Comitť de evaluaciůn regional;27-07-2023;28-2023;LIBRERÕA Y ESTAMPADOS OKEEFFE LIMITADA;No aplica;No aplica;No aplica
2023;julio;Ruta Digital;25-07-2023;Acto;Comitť de evaluaciůn regional;25-07-2023;011-2023;IMPORTADORA,EXPORTADORA Y COMERCIALIZADORA DE ELEMENTOS PARA EQUIPOS DE FILTRACI”N EDGARDO PEREZ CIPITRIA E.I.R.L.;No aplica;No aplica;No aplica
2023;septiembre;Ruta Digital;25-09-2023;Acto;Comitť de evaluaciůn regional;25-09-2023;030-2023;ECOPA—ALES NATALI RIVERA E.I.R.L;No aplica;No aplica;No aplica
2023;agosto;Ruta Digital;03-08-2023;Acto;Comitť de evaluaciůn regional;03-08-2023;27-2023;CONSULTORA KIMUN MALEN EMPRENDE Y CAPACITA;No aplica;No aplica;No aplica
2023;julio;Ruta Digital;28-07-2023;Acto;Comitť de evaluaciůn regional;28-07-2023;21-2023;DISTRIBUIDORA DE PRODUCTOS CONGELADOS CM LTDA;No aplica;No aplica;No aplica
2023;septiembre;Ruta Digital;25-09-2023;Acto;Comitť de evaluaciůn regional;25-09-2023;030-2023;DISTRIBUIDORA COMERCIAL MERCAL SPA;No aplica;No aplica;No aplica
2023;septiembre;Ruta Digital;25-09-2023;Acto;Comitť de evaluaciůn regional;25-09-2023;030-2023;ELABORADORA Y COMERCIALIZADORA DE BEBIDAS ALCOHOLICAS LUCIANO CORTES EIRL;No aplica;No aplica;No aplica
2023;julio;Ruta Digital;25-07-2023;Acto;Comitť de evaluaciůn regional;25-07-2023;14-2023;AILIEN MERY MU—OZ GAETE;No aplica;No aplica;No aplica
2023;julio;Ruta Digital;27-07-2023;Acto;Comitť de evaluaciůn regional;27-07-2023;28-2023;MADRID Y IBA—EZ LIMITADA;No aplica;No aplica;No aplica
2023;agosto;Ruta Digital;01-08-2023;Acto;Comitť de evaluaciůn regional;01-08-2023;30-2023;SERVICIOS INTEGRALES DE SALUD DERMABAUTY LTDA;No aplica;No aplica;No aplica
2023;agosto;Ruta Digital;01-08-2023;Acto;Comitť de evaluaciůn regional;01-08-2023;22-2023;ELIANA VASQUEZ PE—A Y LILLO E.I.R.L.;No aplica;No aplica;No aplica
2023;julio;Ruta Digital;31-07-2023;Acto;Comitť de evaluaciůn regional;31-07-2023;24-2023;TAMARA PAZ CATALŃN CASTRO;No aplica;No aplica;No aplica
2023;julio;Ruta Digital;27-07-2023;Acto;Comitť de evaluaciůn regional;27-07-2023;020-2023;CARMEN GLORIA G”MEZ MENDOZA;No aplica;No aplica;No aplica
2023;agosto;Ruta Digital;22-08-2023;Acto;Comitť de evaluaciůn regional;22-08-2023;74-2023;PUIG Y OYANADER ASOCIADOS LIMITADA;No aplica;No aplica;No aplica
2023;julio;Ruta Digital;27-07-2023;Acto;Comitť de evaluaciůn regional;27-07-2023;28-2023;NB NADIA BRANTE SPA;No aplica;No aplica;No aplica
2023;agosto;Ruta Digital;17-08-2023;Acto;Comitť de evaluaciůn regional;17-08-2023;18-2023;NATALIA CAMILA TOLEDO DÕAZ;No aplica;No aplica;No aplica
2023;julio;Ruta Digital;27-07-2023;Acto;Comitť de evaluaciůn regional;27-07-2023;25-2023;RAQUEL ALEJANDRA TAPIA OLMOS;No aplica;No aplica;No aplica
2023;agosto;Ruta Digital;08-08-2023;Acto;Comitť de evaluaciůn regional;08-08-2023;22-070823;CAPACITACION INTEGRAL LTDA;No aplica;No aplica;No aplica
2023;septiembre;Ruta Digital;25-09-2023;Acto;Comitť de evaluaciůn regional;25-09-2023;030-2023;COMERCIAL Y SERVICIOS SILVANA ROBLES HERRERA EIRL;No aplica;No aplica;No aplica
2023;agosto;Ruta Digital;17-08-2023;Acto;Comitť de evaluaciůn regional;17-08-2023;18-2023;CONSTRUCTORA LUVAN SPA;No aplica;No aplica;No aplica
2023;agosto;Ruta Digital;01-08-2023;Acto;Comitť de evaluaciůn regional;01-08-2023;22-2023;NATALIA PEREZ LAZO SERVICIOS DE TORNERIA EIRL;No aplica;No aplica;No aplica
2023;julio;Ruta Digital;27-07-2023;Acto;Comitť de evaluaciůn regional;27-07-2023;25-2023;TEXTILES PATRICIA MORALES MU—OZ E.I.R.L;No aplica;No aplica;No aplica
2023;julio;Ruta Digital;25-07-2023;Acto;Comitť de evaluaciůn regional;25-07-2023;14-2023;RESTAURANT SERVICIOS TURISTICOS ROBERTO AGUSTIN FUENTES ALTAMIRANO;No aplica;No aplica;No aplica
2023;agosto;Ruta Digital;07-08-2023;Acto;Comitť de evaluaciůn regional;07-08-2023;020-2023;MAYI SPA;No aplica;No aplica;No aplica
2023;agosto;Ruta Digital;01-08-2023;Acto;Comitť de evaluaciůn regional;01-08-2023;22-2023;ADELA DE LAS MERCEDES VARGAS ROJAS;No aplica;No aplica;No aplica
2023;julio;Ruta Digital;27-07-2023;Acto;Comitť de evaluaciůn regional;27-07-2023;28-2023;GUADALUPE COCA SARAVIA;No aplica;No aplica;No aplica
2023;julio;Ruta Digital;27-07-2023;Acto;Comitť de evaluaciůn regional;27-07-2023;28-2023;TRANSVITAL S.P.A;No aplica;No aplica;No aplica
2023;agosto;Ruta Digital;01-08-2023;Acto;Comitť de evaluaciůn regional;01-08-2023;30-2023;LIDIA ARMANDA NOVA VILLABLANCA;No aplica;No aplica;No aplica
2023;julio;Ruta Digital;28-07-2023;Acto;Comitť de evaluaciůn regional;28-07-2023;21-2023;PIERINA ASSEN BALAREZO;No aplica;No aplica;No aplica
2023;julio;Ruta Digital;31-07-2023;Acto;Comitť de evaluaciůn regional;31-07-2023;24-2023;KARIN ELIZABETH NAOUR TOLOZA;No aplica;No aplica;No aplica
2023;julio;Ruta Digital;31-07-2023;Acto;Comitť de evaluaciůn regional;31-07-2023;24-2023;TRANSPORTES VENTURA HETZ CHAVARRÕA EIRL;No aplica;No aplica;No aplica
2023;julio;Ruta Digital;27-07-2023;Acto;Comitť de evaluaciůn regional;27-07-2023;020-2023;SERVICIOS RI&AR LIMITADA;No aplica;No aplica;No aplica
2023;julio;Ruta Digital;28-07-2023;Acto;Comitť de evaluaciůn regional;28-07-2023;21-2023;RUTH SOFIA ROSARIO FIGUEROA SAN MARTIN;No aplica;No aplica;No aplica
2023;agosto;Ruta Digital;03-08-2023;Acto;Comitť de evaluaciůn regional;03-08-2023;27-2023;DEYANIRA VANESSA ARANEDA ARANEDA;No aplica;No aplica;No aplica
2023;julio;Ruta Digital;25-07-2023;Acto;Comitť de evaluaciůn regional;25-07-2023;011-2023;EMBUTIDOS Y CECINAS NATALIA AGUILERA ORTIZ EIRL;No aplica;No aplica;No aplica
2023;julio;Ruta Digital;28-07-2023;Acto;Comitť de evaluaciůn regional;28-07-2023;21-2023;ALICIA FRANCISCA EPULEF URRUTIA;No aplica;No aplica;No aplica
2023;agosto;Ruta Digital;01-08-2023;Acto;Comitť de evaluaciůn regional;01-08-2023;30-2023;FENOMENAL;No aplica;No aplica;No aplica
2023;agosto;Ruta Digital;01-08-2023;Acto;Comitť de evaluaciůn regional;01-08-2023;30-2023;ALMAC…N CONSTANZA RAYEN BARRAZA CUEVAS E.I.R.L.;No aplica;No aplica;No aplica
2023;julio;Ruta Digital;27-07-2023;Acto;Comitť de evaluaciůn regional;27-07-2023;28-2023;VENTA DE T… E INFUSIONES ISAMANDY TETERÕA LTDA;No aplica;No aplica;No aplica
2023;julio;Ruta Digital;28-07-2023;Acto;Comitť de evaluaciůn regional;28-07-2023;21-2023;PELUQUERIA CANINA LUIS REN… TORO LOBOS EIRL;No aplica;No aplica;No aplica
2023;julio;Ruta Digital;28-07-2023;Acto;Comitť de evaluaciůn regional;28-07-2023;21-2023;MARION SIMONET GODOY QUIROZ;No aplica;No aplica;No aplica
2023;julio;Ruta Digital;28-07-2023;Acto;Comitť de evaluaciůn regional;28-07-2023;21-2023;YOHANNA ORTIZ URIBE CONSULTORÕA, COACHING Y CAPACITACI”N SPA;No aplica;No aplica;No aplica
2023;agosto;Ruta Digital;08-08-2023;Acto;Comitť de evaluaciůn regional;08-08-2023;22-070823;ACADEMIA NAUTICA DEL SUR LTDA.;No aplica;No aplica;No aplica
2023;agosto;Ruta Digital;22-08-2023;Acto;Comitť de evaluaciůn regional;22-08-2023;74-2023;CASADI SPA;No aplica;No aplica;No aplica
2023;agosto;Ruta Digital;03-08-2023;Acto;Comitť de evaluaciůn regional;03-08-2023;27-2023;LOURDES BOX FLOWERS SPA;No aplica;No aplica;No aplica
2023;agosto;Ruta Digital;22-08-2023;Acto;Comitť de evaluaciůn regional;22-08-2023;74-2023;PAUSE SALON SPA;No aplica;No aplica;No aplica
2023;julio;Ruta Digital;25-07-2023;Acto;Comitť de evaluaciůn regional;25-07-2023;011-2023;CHS CONSULTING GROUP SPA;No aplica;No aplica;No aplica
2023;agosto;Ruta Digital;22-08-2023;Acto;Comitť de evaluaciůn regional;22-08-2023;74-2023;SERVICIOS NUTRICIONALES BARBARA MICKLE EIRL;No aplica;No aplica;No aplica
2023;agosto;Ruta Digital;08-08-2023;Acto;Comitť de evaluaciůn regional;08-08-2023;22-070823;SERVITECAP SPA;No aplica;No aplica;No aplica
2023;agosto;Ruta Digital;01-08-2023;Acto;Comitť de evaluaciůn regional;01-08-2023;22-2023;CLAUDIO HERNŃN CEPEDA MORALES SPA;No aplica;No aplica;No aplica
2023;agosto;Ruta Digital;17-08-2023;Acto;Comitť de evaluaciůn regional;17-08-2023;18-2023;MASOTERAPIA Y ESTETICISTA CORPORAL SPA;No aplica;No aplica;No aplica
2023;julio;Ruta Digital;27-07-2023;Acto;Comitť de evaluaciůn regional;27-07-2023;020-2023;SYLVIA LENCA VARAS VARAS;No aplica;No aplica;No aplica
2023;agosto;Ruta Digital;03-08-2023;Acto;Comitť de evaluaciůn regional;03-08-2023;27-2023;BANQUETERIA PEREZ Y HENRIQUEZ LIMITADA;No aplica;No aplica;No aplica
2023;agosto;Ruta Digital;08-08-2023;Acto;Comitť de evaluaciůn regional;08-08-2023;22-070823;CLEOJOYAS SPA;No aplica;No aplica;No aplica
2023;julio;Ruta Digital;27-07-2023;Acto;Comitť de evaluaciůn regional;27-07-2023;142023;AZAHAR SPA;No aplica;No aplica;No aplica
2023;agosto;Ruta Digital;22-08-2023;Acto;Comitť de evaluaciůn regional;22-08-2023;74-2023;ASESORÕA Y TECNOLOGÕA ROMERO SPA;No aplica;No aplica;No aplica
2023;agosto;Ruta Digital;08-08-2023;Acto;Comitť de evaluaciůn regional;08-08-2023;22-070823;CENTRO VETERINARIO PUTEMUN SPA;No aplica;No aplica;No aplica
2023;septiembre;Ruta Digital;25-09-2023;Acto;Comitť de evaluaciůn regional;25-09-2023;030-2023;INSTALACI”N DE SISTEMA Y CIRCUITO CERRADO DE TV;No aplica;No aplica;No aplica
2023;agosto;Ruta Digital;01-08-2023;Acto;Comitť de evaluaciůn regional;01-08-2023;22-2023;KS CONSULTORES SPA;No aplica;No aplica;No aplica
2023;agosto;Ruta Digital;01-08-2023;Acto;Comitť de evaluaciůn regional;01-08-2023;22-2023;DOLERO SPA;No aplica;No aplica;No aplica
2023;agosto;Ruta Digital;17-08-2023;Acto;Comitť de evaluaciůn regional;17-08-2023;18-2023;COMERCIALIZADORA LA BOQUILLA LTDA;No aplica;No aplica;No aplica
2023;julio;Ruta Digital;31-07-2023;Acto;Comitť de evaluaciůn regional;31-07-2023;24-2023;HUERTOS Y BOTANICA LAWENTU JESSICA CAROLINA SANHUEZA CALVIL E.I.R.L.;No aplica;No aplica;No aplica
2023;agosto;Ruta Digital;03-08-2023;Acto;Comitť de evaluaciůn regional;03-08-2023;27-2023;CIVILGEO SPA;No aplica;No aplica;No aplica
2023;agosto;Ruta Digital;22-08-2023;Acto;Comitť de evaluaciůn regional;22-08-2023;74-2023;ELABORADORA VIVIANA SOREN STUARDO OCHOA E.I.R.L.;No aplica;No aplica;No aplica
2023;septiembre;Ruta Digital;25-09-2023;Acto;Comitť de evaluaciůn regional;25-09-2023;030-2023;ALIMENTOS Y REGALOS MARCELA ELLENA EIRL;No aplica;No aplica;No aplica
2023;julio;Ruta Digital;25-07-2023;Acto;Comitť de evaluaciůn regional;25-07-2023;011-2023;JENNY DEL CARMEN ENCINA VALDIVIA;No aplica;No aplica;No aplica
2023;agosto;Ruta Digital;17-08-2023;Acto;Comitť de evaluaciůn regional;17-08-2023;18-2023;TECNOLOGIA RODRIGUEZ SALDIVIA;No aplica;No aplica;No aplica
2023;julio;Ruta Digital;31-07-2023;Acto;Comitť de evaluaciůn regional;31-07-2023;24-2023;CONFECCIONES AARON KIDS SPA;No aplica;No aplica;No aplica
2023;julio;Ruta Digital;31-07-2023;Acto;Comitť de evaluaciůn regional;31-07-2023;24-2023;ALMACENES Y COMERCIALIZADORA DE PRODUCTOS CONGELAS FERNANDEZ SPA;No aplica;No aplica;No aplica
2023;julio;Ruta Digital;25-07-2023;Acto;Comitť de evaluaciůn regional;25-07-2023;011-2023;PATRICIA IRENE COLLAO RETAMAL;No aplica;No aplica;No aplica
2023;julio;Ruta Digital;27-07-2023;Acto;Comitť de evaluaciůn regional;27-07-2023;020-2023;ROSA DEL CARMEN V…LIZ APE;No aplica;No aplica;No aplica
2023;julio;Ruta Digital;25-07-2023;Acto;Comitť de evaluaciůn regional;25-07-2023;011-2023;MARÕA PAZ SAAVEDRA HERRERA;No aplica;No aplica;No aplica
2023;agosto;Ruta Digital;07-08-2023;Acto;Comitť de evaluaciůn regional;07-08-2023;020-2023;TIENDA DE ROPA Y ACCESORIOS FRANCY RENDIC CLAVIJO E.I.R.L.;No aplica;No aplica;No aplica
2023;julio;Ruta Digital;25-07-2023;Acto;Comitť de evaluaciůn regional;25-07-2023;011-2023;LA BRUJA ORFEBRE: JOYERÕA DE AUTOR SPA;No aplica;No aplica;No aplica
2023;julio;Ruta Digital;25-07-2023;Acto;Comitť de evaluaciůn regional;25-07-2023;011-2023;GISSELLE FABIOLA MELO CONTRERAS;No aplica;No aplica;No aplica
2023;julio;Ruta Digital;25-07-2023;Acto;Comitť de evaluaciůn regional;25-07-2023;011-2023;PRODUCTOS ECOL”GICOS LORETO DEL ROSARIO ORELLANA RAMÕREZ E.I.R.L.;No aplica;No aplica;No aplica
2023;agosto;Ruta Digital;08-08-2023;Acto;Comitť de evaluaciůn regional;08-08-2023;22-070823;AGRICOLA —IHUAY SPA;No aplica;No aplica;No aplica
2023;agosto;Ruta Digital;08-08-2023;Acto;Comitť de evaluaciůn regional;08-08-2023;22-070823;AROMATEN SPA;No aplica;No aplica;No aplica
2023;agosto;Ruta Digital;17-08-2023;Acto;Comitť de evaluaciůn regional;17-08-2023;18-2023;LITIA CREACIONES SPA;No aplica;No aplica;No aplica
2023;agosto;Ruta Digital;22-08-2023;Acto;Comitť de evaluaciůn regional;22-08-2023;74-2023;THUNDER ATLETAS SPA;No aplica;No aplica;No aplica
2023;julio;Ruta Digital;27-07-2023;Acto;Comitť de evaluaciůn regional;27-07-2023;142023;ARTESANÕA PAULINA OSSES EIRL;No aplica;No aplica;No aplica
2023;agosto;Ruta Digital;17-08-2023;Acto;Comitť de evaluaciůn regional;17-08-2023;18-2023;COMERCIAL VOLANTIN AUSTRAL SPA;No aplica;No aplica;No aplica
2023;agosto;Ruta Digital;01-08-2023;Acto;Comitť de evaluaciůn regional;01-08-2023;22-2023;RAQUEL ALEJANDRA CERDA VEGA;No aplica;No aplica;No aplica
2023;agosto;Ruta Digital;01-08-2023;Acto;Comitť de evaluaciůn regional;01-08-2023;22-2023;TODO PARA VIAJAR SPA;No aplica;No aplica;No aplica
2023;agosto;Ruta Digital;22-08-2023;Acto;Comitť de evaluaciůn regional;22-08-2023;74-2023;ROCIO INOSTROZA ARTISTA PLASTICA E.I.R.L.;No aplica;No aplica;No aplica
2023;julio;Ruta Digital;27-07-2023;Acto;Comitť de evaluaciůn regional;27-07-2023;020-2023;CONFECCIONES TEXTILES JULIA FIT SPA;No aplica;No aplica;No aplica
2023;julio;Ruta Digital;27-07-2023;Acto;Comitť de evaluaciůn regional;27-07-2023;020-2023;TAOMA SPA;No aplica;No aplica;No aplica
2023;julio;Ruta Digital;25-07-2023;Acto;Comitť de evaluaciůn regional;25-07-2023;011-2023;CONFECCION Y DISTRIBUCION CLAUDIAS BAGS SPA;No aplica;No aplica;No aplica
2023;julio;Ruta Digital;25-07-2023;Acto;Comitť de evaluaciůn regional;25-07-2023;011-2023;AGRÕCOLA V&B SPA;No aplica;No aplica;No aplica
2023;agosto;Ruta Digital;22-08-2023;Acto;Comitť de evaluaciůn regional;22-08-2023;74-2023;VAVERS SPA;No aplica;No aplica;No aplica
2023;julio;Ruta Digital;31-07-2023;Acto;Comitť de evaluaciůn regional;31-07-2023;24-2023;SERVICIOS GARCIA SPA;No aplica;No aplica;No aplica
2023;agosto;Ruta Digital;01-08-2023;Acto;Comitť de evaluaciůn regional;01-08-2023;22-2023;SIEMPRE BELLAS CHILE SPA;No aplica;No aplica;No aplica
2023;agosto;Ruta Digital;08-08-2023;Acto;Comitť de evaluaciůn regional;08-08-2023;22-070823;VITAL LOS LAGOS SPA;No aplica;No aplica;No aplica
2023;agosto;Ruta Digital;03-08-2023;Acto;Comitť de evaluaciůn regional;03-08-2023;27-2023;BAŕL DE PEPA SPA;No aplica;No aplica;No aplica
2023;julio;Ruta Digital;27-07-2023;Acto;Comitť de evaluaciůn regional;27-07-2023;142023;SUYKAI PETS STORE COBQUECURA SPA;No aplica;No aplica;No aplica
2023;agosto;Ruta Digital;07-08-2023;Acto;Comitť de evaluaciůn regional;07-08-2023;020-2023;LOGÕSTICA COMERCIAL MAUQUE LIMITADA;No aplica;No aplica;No aplica
2023;julio;Ruta Digital;28-07-2023;Acto;Comitť de evaluaciůn regional;28-07-2023;21-2023;JF INVERSIONES SPA;No aplica;No aplica;No aplica
2023;julio;Ruta Digital;25-07-2023;Acto;Comitť de evaluaciůn regional;25-07-2023;14-2023;MISTER CAFE PATAGONIA;No aplica;No aplica;No aplica
2023;agosto;Ruta Digital;08-08-2023;Acto;Comitť de evaluaciůn regional;08-08-2023;22-070823;COMERCIALIZACI”N VESTUARIO Y ACCESORIOS DANIELA CARCAMO EIRL;No aplica;No aplica;No aplica
2023;septiembre;Ruta Digital;25-09-2023;Acto;Comitť de evaluaciůn regional;25-09-2023;030-2023;EXTINTORES NEUMAN;No aplica;No aplica;No aplica
2023;agosto;Ruta Digital;22-08-2023;Acto;Comitť de evaluaciůn regional;22-08-2023;74-2023;IMPORTADORA, COMERCIALIZADORA Y DIST. SCHIAPPACASSE SPA;No aplica;No aplica;No aplica
2023;julio;Ruta Digital;27-07-2023;Acto;Comitť de evaluaciůn regional;27-07-2023;28-2023;LEONARDO JESUS MU—OZ LOPEZ;No aplica;No aplica;No aplica
2023;agosto;Ruta Digital;01-08-2023;Acto;Comitť de evaluaciůn regional;01-08-2023;30-2023;VETERINARIA ROSAS VET SPA;No aplica;No aplica;No aplica
2023;agosto;Ruta Digital;01-08-2023;Acto;Comitť de evaluaciůn regional;01-08-2023;30-2023;RUEDI ULLOA SPA;No aplica;No aplica;No aplica
2023;julio;Ruta Digital;28-07-2023;Acto;Comitť de evaluaciůn regional;28-07-2023;21-2023;PRINT SOLUTIONS SPA;No aplica;No aplica;No aplica
2023;septiembre;Ruta Digital;25-09-2023;Acto;Comitť de evaluaciůn regional;25-09-2023;030-2023;CHILPESYMAS SPA;No aplica;No aplica;No aplica
2023;julio;Ruta Digital;27-07-2023;Acto;Comitť de evaluaciůn regional;27-07-2023;25-2023;MELIZA ANDREA PERALTA VALDIVIA;No aplica;No aplica;No aplica
2023;agosto;Ruta Digital;22-08-2023;Acto;Comitť de evaluaciůn regional;22-08-2023;74-2023;JUGUETERÕA PILAR SIERRA E.I.R.L.;No aplica;No aplica;No aplica
2023;julio;Ruta Digital;27-07-2023;Acto;Comitť de evaluaciůn regional;27-07-2023;28-2023;DAVI COMERCIALIZADORA SPA;No aplica;No aplica;No aplica
2023;agosto;Ruta Digital;03-08-2023;Acto;Comitť de evaluaciůn regional;03-08-2023;27-2023;AR…VALO Y LUNA SPA;No aplica;No aplica;No aplica
2023;agosto;Ruta Digital;01-08-2023;Acto;Comitť de evaluaciůn regional;01-08-2023;30-2023;AGRÕCOLA STEPHANIE HAUYON WESTERMEYER;No aplica;No aplica;No aplica
2023;julio;Ruta Digital;27-07-2023;Acto;Comitť de evaluaciůn regional;27-07-2023;28-2023;ACADEMIA DE MŕSICA Y TERAPIAS ARTÕSTICAS CYNTHIA FUENZALIDA CAYO E.I.R.L.;No aplica;No aplica;No aplica
2023;agosto;Ruta Digital;01-08-2023;Acto;Comitť de evaluaciůn regional;01-08-2023;22-2023;FARMAPLUS SPA;No aplica;No aplica;No aplica
2023;julio;Ruta Digital;27-07-2023;Acto;Comitť de evaluaciůn regional;27-07-2023;28-2023;INGENIERÕA Y SERVICIOS JMM SPA;No aplica;No aplica;No aplica
2023;agosto;Ruta Digital;01-08-2023;Acto;Comitť de evaluaciůn regional;01-08-2023;22-2023;COMERCIALIZADORA E IMPORTADORA ROSA BERNARDA CONSTANCIO ARREDONDO E.I.R.L.;No aplica;No aplica;No aplica
2023;julio;Ruta Digital;27-07-2023;Acto;Comitť de evaluaciůn regional;27-07-2023;25-2023;NANCY ANDREA TOLOZA IRIARTE;No aplica;No aplica;No aplica
2023;julio;Ruta Digital;25-07-2023;Acto;Comitť de evaluaciůn regional;25-07-2023;14-2023;COMERCIAL PAMELA FLORES RIQUELME E.I.R.L.;No aplica;No aplica;No aplica
2023;julio;Ruta Digital;27-07-2023;Acto;Comitť de evaluaciůn regional;27-07-2023;142023;TALLER SERINOSER ALEJANDRA SOLEDAD SEPŕLVEDA VALENZUELA EMPRESA INDIVIDUAL DE RESPONSABILIDAD LIMITADA;No aplica;No aplica;No aplica
2023;julio;Ruta Digital;27-07-2023;Acto;Comitť de evaluaciůn regional;27-07-2023;142023;PAZ GATICA SPA;No aplica;No aplica;No aplica
2023;julio;Ruta Digital;25-07-2023;Acto;Comitť de evaluaciůn regional;25-07-2023;011-2023;INVERSIONES YOLANDA SPA;No aplica;No aplica;No aplica
2023;agosto;Ruta Digital;08-08-2023;Acto;Comitť de evaluaciůn regional;08-08-2023;22-070823;GRUPO HESED CUIDADO Y SALUD INTEGRAL SPA;No aplica;No aplica;No aplica
2023;agosto;Ruta Digital;22-08-2023;Acto;Comitť de evaluaciůn regional;22-08-2023;74-2023;PI—A ZERO WASTE E.I.R.L.;No aplica;No aplica;No aplica
2023;agosto;Ruta Digital;08-08-2023;Acto;Comitť de evaluaciůn regional;08-08-2023;22-070823;CARO SEEBACH SPA;No aplica;No aplica;No aplica
2023;agosto;Ruta Digital;07-08-2023;Acto;Comitť de evaluaciůn regional;07-08-2023;020-2023;RUSTICO, MINIMARKET Y AMASANDERÕA SPA;No aplica;No aplica;No aplica
2023;agosto;Ruta Digital;17-08-2023;Acto;Comitť de evaluaciůn regional;17-08-2023;18-2023;ODONTOLOGÕA IVANIA SALINAS VILLANUEVA E.I.R.L.;No aplica;No aplica;No aplica
2023;agosto;Ruta Digital;17-08-2023;Acto;Comitť de evaluaciůn regional;17-08-2023;18-2023;RINC”N MŃGICO SPA;No aplica;No aplica;No aplica
2023;julio;Ruta Digital;25-07-2023;Acto;Comitť de evaluaciůn regional;25-07-2023;14-2023;LUIS HERALDO VILLEGAS RUIZ;No aplica;No aplica;No aplica
2023;agosto;Ruta Digital;07-08-2023;Acto;Comitť de evaluaciůn regional;07-08-2023;020-2023;CEMADENT SPA;No aplica;No aplica;No aplica
2023;agosto;Ruta Digital;03-08-2023;Acto;Comitť de evaluaciůn regional;03-08-2023;27-2023;PAULINA ELIZABETH PARRA GONZŃLEZ;No aplica;No aplica;No aplica
2023;agosto;Ruta Digital;03-08-2023;Acto;Comitť de evaluaciůn regional;03-08-2023;27-2023;INVERSIONES FRUTOS SECOS SPA;No aplica;No aplica;No aplica
2023;septiembre;Ruta Digital;25-09-2023;Acto;Comitť de evaluaciůn regional;25-09-2023;030-2023;BEBE LA SERENA SPA;No aplica;No aplica;No aplica
2023;julio;Ruta Digital;25-07-2023;Acto;Comitť de evaluaciůn regional;25-07-2023;14-2023;COMERCIAL AYR SPA;No aplica;No aplica;No aplica
2023;julio;Ruta Digital;27-07-2023;Acto;Comitť de evaluaciůn regional;27-07-2023;28-2023;CONTROL FAST LTDA;No aplica;No aplica;No aplica
2023;julio;Ruta Digital;27-07-2023;Acto;Comitť de evaluaciůn regional;27-07-2023;142023;NATIVOS SPA;No aplica;No aplica;No aplica
2023;julio;Ruta Digital;25-07-2023;Acto;Comitť de evaluaciůn regional;25-07-2023;14-2023;CHILEANDES SPA;No aplica;No aplica;No aplica
2023;agosto;Ruta Digital;22-08-2023;Acto;Comitť de evaluaciůn regional;22-08-2023;74-2023;XIMENA ALEJANDRA SILVA SALDÕVAR;No aplica;No aplica;No aplica
2023;julio;Ruta Digital;25-07-2023;Acto;Comitť de evaluaciůn regional;25-07-2023;14-2023;VIENTO AUSTRAL SPA;No aplica;No aplica;No aplica
2023;agosto;Ruta Digital;22-08-2023;Acto;Comitť de evaluaciůn regional;22-08-2023;74-2023;CENTRO DE ATENCI”N TEMPRANA E INTEGRAL SPA;No aplica;No aplica;No aplica
2023;julio;Ruta Digital;25-07-2023;Acto;Comitť de evaluaciůn regional;25-07-2023;14-2023;ROBERTO REVECO CERVECERIA EIRL;No aplica;No aplica;No aplica
2023;agosto;Ruta Digital;08-08-2023;Acto;Comitť de evaluaciůn regional;08-08-2023;22-070823;DECORACIONES MILENA LIMITADA;No aplica;No aplica;No aplica
2023;agosto;Ruta Digital;22-08-2023;Acto;Comitť de evaluaciůn regional;22-08-2023;74-2023;THE ORGANIK FORMULA SPA;No aplica;No aplica;No aplica
2023;agosto;Ruta Digital;22-08-2023;Acto;Comitť de evaluaciůn regional;22-08-2023;74-2023;OLIVOS SERVICIOS SPA;No aplica;No aplica;No aplica
2023;julio;Ruta Digital;31-07-2023;Acto;Comitť de evaluaciůn regional;31-07-2023;24-2023;SARANAGATI SPA;No aplica;No aplica;No aplica
2023;agosto;Ruta Digital;03-08-2023;Acto;Comitť de evaluaciůn regional;03-08-2023;27-2023;PIKABU LIMITADA;No aplica;No aplica;No aplica
2023;agosto;Ruta Digital;22-08-2023;Acto;Comitť de evaluaciůn regional;22-08-2023;74-2023;MOX SPA;No aplica;No aplica;No aplica
2023;agosto;Ruta Digital;03-08-2023;Acto;Comitť de evaluaciůn regional;03-08-2023;27-2023;DANI ALEJANDRO ROZAS TORRES;No aplica;No aplica;No aplica
2023;julio;Ruta Digital;27-07-2023;Acto;Comitť de evaluaciůn regional;27-07-2023;25-2023;SAMMY BOUTIQUE SPA;No aplica;No aplica;No aplica
2023;agosto;Ruta Digital;17-08-2023;Acto;Comitť de evaluaciůn regional;17-08-2023;18-2023;MONTA—A TACULL SPA;No aplica;No aplica;No aplica
2023;agosto;Ruta Digital;01-08-2023;Acto;Comitť de evaluaciůn regional;01-08-2023;22-2023;ALIMENTACION Y NUTRICION SOSTENIBLE SPA;No aplica;No aplica;No aplica
2023;julio;Ruta Digital;27-07-2023;Acto;Comitť de evaluaciůn regional;27-07-2023;142023;JOS… AGUSTÕN C”RDOVA SANHUEZA;No aplica;No aplica;No aplica
2023;agosto;Ruta Digital;01-08-2023;Acto;Comitť de evaluaciůn regional;01-08-2023;22-2023;TALLER DE CORTE DECOVINILOS CAMILA ESPINOZA EIRL;No aplica;No aplica;No aplica
2023;julio;Ruta Digital;27-07-2023;Acto;Comitť de evaluaciůn regional;27-07-2023;020-2023;URBANO GESTORES LIMITADA;No aplica;No aplica;No aplica
2023;agosto;Ruta Digital;08-08-2023;Acto;Comitť de evaluaciůn regional;08-08-2023;22-070823;COMERCIAL E INVERSIONES HR SPA;No aplica;No aplica;No aplica
2023;agosto;Ruta Digital;08-08-2023;Acto;Comitť de evaluaciůn regional;08-08-2023;22-070823;REWE SPA;No aplica;No aplica;No aplica
2023;agosto;Ruta Digital;22-08-2023;Acto;Comitť de evaluaciůn regional;22-08-2023;74-2023;MUESCA HOGAR SPA;No aplica;No aplica;No aplica
2023;agosto;Ruta Digital;01-08-2023;Acto;Comitť de evaluaciůn regional;01-08-2023;30-2023;PELUQUERIA KARIN BARRIA CESPEDES EIRL.;No aplica;No aplica;No aplica
2023;agosto;Ruta Digital;08-08-2023;Acto;Comitť de evaluaciůn regional;08-08-2023;22-070823;YESENIA BEL…N REYES ASENCIO;No aplica;No aplica;No aplica
2023;agosto;Ruta Digital;22-08-2023;Acto;Comitť de evaluaciůn regional;22-08-2023;74-2023;PINTURAS GLOBAL COLOR SPA;No aplica;No aplica;No aplica
2023;agosto;Ruta Digital;03-08-2023;Acto;Comitť de evaluaciůn regional;03-08-2023;27-2023;IMAGINE AND GIVE SPA;No aplica;No aplica;No aplica
2023;agosto;Ruta Digital;08-08-2023;Acto;Comitť de evaluaciůn regional;08-08-2023;22-070823;BOBENRIETH Y MUSALEM LIMITADA;No aplica;No aplica;No aplica
2023;julio;Ruta Digital;31-07-2023;Acto;Comitť de evaluaciůn regional;31-07-2023;24-2023;MARTA BEATRIZ MARCHANT FERREIRA;No aplica;No aplica;No aplica
2023;julio;Ruta Digital;25-07-2023;Acto;Comitť de evaluaciůn regional;25-07-2023;011-2023;CONFECCIONES ALEJANDRA TOLOZA EIRL;No aplica;No aplica;No aplica
2023;julio;Ruta Digital;25-07-2023;Acto;Comitť de evaluaciůn regional;25-07-2023;14-2023;ARTESANÕAS ANTONIO ELIASH OSHEE;No aplica;No aplica;No aplica
2023;agosto;Ruta Digital;07-08-2023;Acto;Comitť de evaluaciůn regional;07-08-2023;020-2023;AMENOVA CHILE SPA;No aplica;No aplica;No aplica
2023;julio;Ruta Digital;28-07-2023;Acto;Comitť de evaluaciůn regional;28-07-2023;21-2023;DISE—O SELENITA E:I:R:L:;No aplica;No aplica;No aplica
2023;agosto;Ruta Digital;17-08-2023;Acto;Comitť de evaluaciůn regional;17-08-2023;18-2023;IMPRESION ARTESANIA TRABAJOS EN MADERA Y TEXTIL ENZON ANDRES PALMA VASQUEZ E.I.R.L.;No aplica;No aplica;No aplica
2023;agosto;Ruta Digital;03-08-2023;Acto;Comitť de evaluaciůn regional;03-08-2023;27-2023;CENTRO TURÕSTICO CANTO DEL BOSQUE SPA;No aplica;No aplica;No aplica
2023;agosto;Ruta Digital;03-08-2023;Acto;Comitť de evaluaciůn regional;03-08-2023;27-2023;SERVICIOS DE INGENIERÕA Y MAESTRANZA JUTIRE SPA;No aplica;No aplica;No aplica
2023;agosto;Ruta Digital;03-08-2023;Acto;Comitť de evaluaciůn regional;03-08-2023;27-2023;HUERTA VIKAMA SPA;No aplica;No aplica;No aplica
2023;agosto;Ruta Digital;03-08-2023;Acto;Comitť de evaluaciůn regional;03-08-2023;27-2023;ECO EMPORIO SPA;No aplica;No aplica;No aplica
2023;julio;Ruta Digital;27-07-2023;Acto;Comitť de evaluaciůn regional;27-07-2023;25-2023;RESTAURANTE NICOLAS SANTIBA—EZ CAMPUSANO E.I.R.L;No aplica;No aplica;No aplica
2023;agosto;Ruta Digital;03-08-2023;Acto;Comitť de evaluaciůn regional;03-08-2023;27-2023;TRANSPORTES JK SPA;No aplica;No aplica;No aplica
2023;julio;Ruta Digital;28-07-2023;Acto;Comitť de evaluaciůn regional;28-07-2023;21-2023;ALMACEN GLORIA CARRIEL ORELLANA EIRL;No aplica;No aplica;No aplica
2023;agosto;Ruta Digital;22-08-2023;Acto;Comitť de evaluaciůn regional;22-08-2023;74-2023;SGC CHILE SPA;No aplica;No aplica;No aplica
2023;agosto;Ruta Digital;01-08-2023;Acto;Comitť de evaluaciůn regional;01-08-2023;30-2023;4WORKERS SPA;No aplica;No aplica;No aplica
2023;julio;Ruta Digital;27-07-2023;Acto;Comitť de evaluaciůn regional;27-07-2023;020-2023;COMERCIALIZADORA LUZBELLA SPA;No aplica;No aplica;No aplica
2023;agosto;Ruta Digital;01-08-2023;Acto;Comitť de evaluaciůn regional;01-08-2023;22-2023;KANGURITOS SPA;No aplica;No aplica;No aplica
2023;agosto;Ruta Digital;01-08-2023;Acto;Comitť de evaluaciůn regional;01-08-2023;22-2023;CUEVAS Y REYES SPA;No aplica;No aplica;No aplica
2023;agosto;Ruta Digital;03-08-2023;Acto;Comitť de evaluaciůn regional;03-08-2023;27-2023;COMERCIALIZADORA BRAVO & ROJAS LIMITADA;No aplica;No aplica;No aplica
2023;julio;Ruta Digital;27-07-2023;Acto;Comitť de evaluaciůn regional;27-07-2023;020-2023;CONSULTORIA NANCY MARCA ROJAS E.I.R.L.;No aplica;No aplica;No aplica
2023;julio;Ruta Digital;31-07-2023;Acto;Comitť de evaluaciůn regional;31-07-2023;24-2023;SERVICIOS DE TECNOLOGÕA S Y F LTDA;No aplica;No aplica;No aplica
2023;agosto;Ruta Digital;01-08-2023;Acto;Comitť de evaluaciůn regional;01-08-2023;22-2023;GAFLINE SPA;No aplica;No aplica;No aplica
2023;julio;Ruta Digital;31-07-2023;Acto;Comitť de evaluaciůn regional;31-07-2023;24-2023;FUN FUN SPA;No aplica;No aplica;No aplica
2023;julio;Ruta Digital;31-07-2023;Acto;Comitť de evaluaciůn regional;31-07-2023;24-2023;HARVEST-DRON SPA;No aplica;No aplica;No aplica
2023;julio;Ruta Digital;25-07-2023;Acto;Comitť de evaluaciůn regional;25-07-2023;14-2023;BAZAR CAMILA VILDOSOLA ZU—IGA EIRL;No aplica;No aplica;No aplica
2023;julio;Ruta Digital;27-07-2023;Acto;Comitť de evaluaciůn regional;27-07-2023;142023;PIPES FISHING SPA;No aplica;No aplica;No aplica
2023;julio;Ruta Digital;31-07-2023;Acto;Comitť de evaluaciůn regional;31-07-2023;24-2023;CESTERIA TEXTIL CONTEMPORANEA JESICA LORETO ACEVEDO MAGNANI EIRL;No aplica;No aplica;No aplica
2023;agosto;Ruta Digital;03-08-2023;Acto;Comitť de evaluaciůn regional;03-08-2023;27-2023;ENVASES CAJA PACK SPA;No aplica;No aplica;No aplica
2023;agosto;Ruta Digital;01-08-2023;Acto;Comitť de evaluaciůn regional;01-08-2023;22-2023;NOISE COMUNICACIONES SPA;No aplica;No aplica;No aplica
2023;agosto;Ruta Digital;22-08-2023;Acto;Comitť de evaluaciůn regional;22-08-2023;74-2023;ALIMENTOS KAREN GABRIELA GONZALEZ PEREZ E.I.R.L.;No aplica;No aplica;No aplica
2023;julio;Ruta Digital;27-07-2023;Acto;Comitť de evaluaciůn regional;27-07-2023;28-2023;KYF SPA.;No aplica;No aplica;No aplica
2023;septiembre;Ruta Digital;25-09-2023;Acto;Comitť de evaluaciůn regional;25-09-2023;030-2023;DISNEY VALDERRAMA ROMERO;No aplica;No aplica;No aplica
2023;julio;Ruta Digital;31-07-2023;Acto;Comitť de evaluaciůn regional;31-07-2023;24-2023;INVERSIONES MANGRA SPA;No aplica;No aplica;No aplica
2023;agosto;Ruta Digital;01-08-2023;Acto;Comitť de evaluaciůn regional;01-08-2023;22-2023;ECON”MICA ILC LTDA.;No aplica;No aplica;No aplica
2023;agosto;Ruta Digital;07-08-2023;Acto;Comitť de evaluaciůn regional;07-08-2023;020-2023;ABRIL Y GARC…S SPA;No aplica;No aplica;No aplica
2023;julio;Ruta Digital;27-07-2023;Acto;Comitť de evaluaciůn regional;27-07-2023;142023;PAIGUEN SPA;No aplica;No aplica;No aplica
2023;julio;Ruta Digital;28-07-2023;Acto;Comitť de evaluaciůn regional;28-07-2023;21-2023;PASTELERIA KARLA GALLARDO ZAMORA EIRL;No aplica;No aplica;No aplica
2023;julio;Ruta Digital;27-07-2023;Acto;Comitť de evaluaciůn regional;27-07-2023;28-2023;RADIOCOMUNICACIONES TORRES LEYTON LTDA;No aplica;No aplica;No aplica
2023;julio;Ruta Digital;27-07-2023;Acto;Comitť de evaluaciůn regional;27-07-2023;142023;GERARDO ANTONIO GALLEGOS LLANOS;No aplica;No aplica;No aplica
2023;septiembre;Ruta Digital;25-09-2023;Acto;Comitť de evaluaciůn regional;25-09-2023;030-2023;DISTRIBUIDORA CARVACHO JOYAS SPA;No aplica;No aplica;No aplica
2023;julio;Ruta Digital;27-07-2023;Acto;Comitť de evaluaciůn regional;27-07-2023;25-2023;JACQUELINE VALERIA ARAYA ANDUEZA;No aplica;No aplica;No aplica
2023;agosto;Ruta Digital;17-08-2023;Acto;Comitť de evaluaciůn regional;17-08-2023;18-2023;CLAUDIA FABIANA MŃRQUEZ BAHAMONDE;No aplica;No aplica;No aplica
2023;agosto;Ruta Digital;01-08-2023;Acto;Comitť de evaluaciůn regional;01-08-2023;22-2023;COMERCIALIZADORA THERAPY SPA;No aplica;No aplica;No aplica
2023;julio;Ruta Digital;25-07-2023;Acto;Comitť de evaluaciůn regional;25-07-2023;14-2023;GUÕA INSTRUCTORA ESCALADA NATALIA BUGEDO E.I.R.L.;No aplica;No aplica;No aplica
2023;julio;Ruta Digital;27-07-2023;Acto;Comitť de evaluaciůn regional;27-07-2023;020-2023;BYRON ARANCIBIA SPA;No aplica;No aplica;No aplica
2023;julio;Ruta Digital;31-07-2023;Acto;Comitť de evaluaciůn regional;31-07-2023;24-2023;PR TENDENCIAS SPA;No aplica;No aplica;No aplica
2023;julio;Ruta Digital;31-07-2023;Acto;Comitť de evaluaciůn regional;31-07-2023;24-2023;EMPRESA DE CONSULTORIAS, ASESORIAS Y CAPACITACIONES FORMALIZA, EMPRENDE Y CRECE SPA;No aplica;No aplica;No aplica
2023;agosto;Ruta Digital;07-08-2023;Acto;Comitť de evaluaciůn regional;07-08-2023;020-2023;FRANCIA CIFUENTES CIFUENTES;No aplica;No aplica;No aplica
2023;julio;Ruta Digital;25-07-2023;Acto;Comitť de evaluaciůn regional;25-07-2023;14-2023;CARMEN ISABEL GUTI…RREZ MU—OZ;No aplica;No aplica;No aplica
2023;agosto;Ruta Digital;07-08-2023;Acto;Comitť de evaluaciůn regional;07-08-2023;020-2023;MIIDEA 3D SERVICIOS LIMITADA;No aplica;No aplica;No aplica
2023;julio;Ruta Digital;27-07-2023;Acto;Comitť de evaluaciůn regional;27-07-2023;25-2023;GRUPO CUNSA SPA;No aplica;No aplica;No aplica
2023;julio;Ruta Digital;25-07-2023;Acto;Comitť de evaluaciůn regional;25-07-2023;011-2023;PASTELERÕA PERSONALIZADA Y PANADERIA INES ELIZABETH CUBILLA RUIZ EIRL;No aplica;No aplica;No aplica
2023;julio;Ruta Digital;27-07-2023;Acto;Comitť de evaluaciůn regional;27-07-2023;020-2023;MARIA HAYDEE SALAZAR AVELLO;No aplica;No aplica;No aplica
2023;agosto;Ruta Digital;03-08-2023;Acto;Comitť de evaluaciůn regional;03-08-2023;27-2023;COMERCIALIZADORA DE PRODUCTOS DEL MAR FERIAHN SPA;No aplica;No aplica;No aplica
2023;julio;Ruta Digital;25-07-2023;Acto;Comitť de evaluaciůn regional;25-07-2023;011-2023;VENTAS AL POR MENOR DE ALIMENTOS EN COMERCIOS ESPECIALIZADOS INGRID JIM…NEZ FARÕAS EIRL;No aplica;No aplica;No aplica
2023;agosto;Ruta Digital;03-08-2023;Acto;Comitť de evaluaciůn regional;03-08-2023;27-2023;ANGELICA INOSTROZA QUEZADA;No aplica;No aplica;No aplica
2023;julio;Ruta Digital;31-07-2023;Acto;Comitť de evaluaciůn regional;31-07-2023;24-2023;PAMELA ELIZABETH GUZMŃN PONCE;No aplica;No aplica;No aplica
2023;julio;Ruta Digital;25-07-2023;Acto;Comitť de evaluaciůn regional;25-07-2023;011-2023;LEYLA JUDITH LAZO GONZALEZ EIRL.;No aplica;No aplica;No aplica
2023;agosto;Ruta Digital;22-08-2023;Acto;Comitť de evaluaciůn regional;22-08-2023;74-2023;FRANART SPA;No aplica;No aplica;No aplica
2023;agosto;Ruta Digital;03-08-2023;Acto;Comitť de evaluaciůn regional;03-08-2023;27-2023;A LA CRESTA DEL GALLO LIMITADA;No aplica;No aplica;No aplica
2023;agosto;Ruta Digital;03-08-2023;Acto;Comitť de evaluaciůn regional;03-08-2023;27-2023;KATHERINE ALEJANDRA GARC…S DURAN;No aplica;No aplica;No aplica
2023;julio;Ruta Digital;28-07-2023;Acto;Comitť de evaluaciůn regional;28-07-2023;21-2023;CONSCIENTE SPA;No aplica;No aplica;No aplica
2023;agosto;Ruta Digital;22-08-2023;Acto;Comitť de evaluaciůn regional;22-08-2023;74-2023;EMPODERAMENTE SPA;No aplica;No aplica;No aplica
2023;julio;Ruta Digital;27-07-2023;Acto;Comitť de evaluaciůn regional;27-07-2023;28-2023;AGM DISTRIBUCION S.P.A;No aplica;No aplica;No aplica
2023;julio;Ruta Digital;25-07-2023;Acto;Comitť de evaluaciůn regional;25-07-2023;011-2023;COMERCIALIZADORA DE ALIMENTOS MACHALÕ BERTA IN…S ALLENDE RIVERO EIRL;No aplica;No aplica;No aplica
2023;agosto;Ruta Digital;22-08-2023;Acto;Comitť de evaluaciůn regional;22-08-2023;74-2023;LUNCHI TIME SPA;No aplica;No aplica;No aplica
2023;agosto;Ruta Digital;08-08-2023;Acto;Comitť de evaluaciůn regional;08-08-2023;22-070823;ARTE Y DISE—O TEXTIL SPA;No aplica;No aplica;No aplica
2023;julio;Ruta Digital;27-07-2023;Acto;Comitť de evaluaciůn regional;27-07-2023;142023;F Y M PRODUCCIONES SPA.;No aplica;No aplica;No aplica
2023;julio;Ruta Digital;28-07-2023;Acto;Comitť de evaluaciůn regional;28-07-2023;21-2023;ENTRETENCIONES MARÕA ELIZABETH CARRASCO ARAVENA EIRL;No aplica;No aplica;No aplica
2023;julio;Ruta Digital;28-07-2023;Acto;Comitť de evaluaciůn regional;28-07-2023;21-2023;COMERCIALIZADORA MARIELA DAVEGNO FIGUEROA EIRL;No aplica;No aplica;No aplica
2023;julio;Ruta Digital;31-07-2023;Acto;Comitť de evaluaciůn regional;31-07-2023;24-2023;OPTICA GABRIEL LIMITADA;No aplica;No aplica;No aplica
2023;julio;Ruta Digital;27-07-2023;Acto;Comitť de evaluaciůn regional;27-07-2023;142023;TURISMO CONSIENTE SPA;No aplica;No aplica;No aplica
2023;julio;Ruta Digital;25-07-2023;Acto;Comitť de evaluaciůn regional;25-07-2023;011-2023;ELABORACI”N DE ALIMENTOS ANA GONZŃLEZ CHIETO EIRL;No aplica;No aplica;No aplica
2023;septiembre;Ruta Digital;25-09-2023;Acto;Comitť de evaluaciůn regional;25-09-2023;030-2023;ELABORACI”N DE ALIMENTOS CARLA PATRICIA PASTEN ROJAS EIRL;No aplica;No aplica;No aplica
2023;julio;Ruta Digital;27-07-2023;Acto;Comitť de evaluaciůn regional;27-07-2023;020-2023;INSOMNIO STUDIOS SPA;No aplica;No aplica;No aplica
2023;julio;Ruta Digital;27-07-2023;Acto;Comitť de evaluaciůn regional;27-07-2023;28-2023;HOLDING TAPIA ARAYA SPA;No aplica;No aplica;No aplica
2023;julio;Ruta Digital;27-07-2023;Acto;Comitť de evaluaciůn regional;27-07-2023;020-2023;SOCIEDAD ROJAS GUERRERO LIMITADA;No aplica;No aplica;No aplica
2023;julio;Ruta Digital;27-07-2023;Acto;Comitť de evaluaciůn regional;27-07-2023;28-2023;HERNŃN PATRICIO ARENAS SILVA;No aplica;No aplica;No aplica
2023;septiembre;Ruta Digital;25-09-2023;Acto;Comitť de evaluaciůn regional;25-09-2023;030-2023;ACMAQ SERVICIOS SPA;No aplica;No aplica;No aplica
2023;julio;Ruta Digital;28-07-2023;Acto;Comitť de evaluaciůn regional;28-07-2023;21-2023;CEVICHERIA LAS TINAJAS;No aplica;No aplica;No aplica
2023;julio;Ruta Digital;31-07-2023;Acto;Comitť de evaluaciůn regional;31-07-2023;24-2023;PUTUE ALTO SERVICIOS GENERALES LIMITADA;No aplica;No aplica;No aplica
2023;julio;Ruta Digital;31-07-2023;Acto;Comitť de evaluaciůn regional;31-07-2023;24-2023;HOSTERIA Y HOSPEDAJE IGNACIA SPA;No aplica;No aplica;No aplica
2023;agosto;Ruta Digital;08-08-2023;Acto;Comitť de evaluaciůn regional;08-08-2023;22-070823;CENTRO ODONTOLOGICO FRADIENT LIMITADA;No aplica;No aplica;No aplica
2023;agosto;Ruta Digital;01-08-2023;Acto;Comitť de evaluaciůn regional;01-08-2023;30-2023;INVERSIONES INTEREMPRESA SPA;No aplica;No aplica;No aplica
2023;agosto;Ruta Digital;08-08-2023;Acto;Comitť de evaluaciůn regional;08-08-2023;22-070823;SILVA Y SILVA SERVICIOS AUTOMOTRICES LIMITADA;No aplica;No aplica;No aplica
2023;agosto;Ruta Digital;08-08-2023;Acto;Comitť de evaluaciůn regional;08-08-2023;22-070823;CONSULTORA DIAZ Y DIAZ LIMITADA;No aplica;No aplica;No aplica
2023;agosto;Ruta Digital;01-08-2023;Acto;Comitť de evaluaciůn regional;01-08-2023;30-2023;SOCIEDAD COMERCIAL KAVUREI LIMITADA;No aplica;No aplica;No aplica
2023;agosto;Ruta Digital;08-08-2023;Acto;Comitť de evaluaciůn regional;08-08-2023;22-070823;VET FRUTILLAR SPA;No aplica;No aplica;No aplica
2023;agosto;Ruta Digital;01-08-2023;Acto;Comitť de evaluaciůn regional;01-08-2023;30-2023;LAS BUGAMBILIAS SPA;No aplica;No aplica;No aplica
2023;septiembre;Ruta Digital;25-09-2023;Acto;Comitť de evaluaciůn regional;25-09-2023;030-2023;COMIDA AL PASO OLMEDO OLIVARES LIMITADA;No aplica;No aplica;No aplica
2023;julio;Ruta Digital;31-07-2023;Acto;Comitť de evaluaciůn regional;31-07-2023;24-2023;SOCIEDAD COMERCIAL GPOP SPA;No aplica;No aplica;No aplica
2023;septiembre;Ruta Digital;25-09-2023;Acto;Comitť de evaluaciůn regional;25-09-2023;030-2023;AGRICOLA MARIA FRANCISCA LEIVA SEPULVEDA E.I.R.L.;No aplica;No aplica;No aplica
2023;agosto;Ruta Digital;22-08-2023;Acto;Comitť de evaluaciůn regional;22-08-2023;74-2023;MUEBLERÕA PERSONALIZADA MARILEN ANDREA CAMPOS ŃLVAREZ E.I.R.L.;No aplica;No aplica;No aplica
2023;agosto;Ruta Digital;22-08-2023;Acto;Comitť de evaluaciůn regional;22-08-2023;74-2023;MANTEQUILLAS LA GATO SPA;No aplica;No aplica;No aplica
2023;agosto;Ruta Digital;17-08-2023;Acto;Comitť de evaluaciůn regional;17-08-2023;18-2023;GUAGUAS & KIDS SPA;No aplica;No aplica;No aplica
2023;julio;Ruta Digital;31-07-2023;Acto;Comitť de evaluaciůn regional;31-07-2023;24-2023;CARMEN GLORIA L”PEZ ALCOHOLADO;No aplica;No aplica;No aplica
2023;agosto;Ruta Digital;08-08-2023;Acto;Comitť de evaluaciůn regional;08-08-2023;22-070823;CALIOPE AGENDAS & PLANNERS SPA;No aplica;No aplica;No aplica
2023;julio;Ruta Digital;31-07-2023;Acto;Comitť de evaluaciůn regional;31-07-2023;24-2023;OTRA WENA IDEA SPA;No aplica;No aplica;No aplica
2023;julio;Ruta Digital;31-07-2023;Acto;Comitť de evaluaciůn regional;31-07-2023;24-2023;ANIMAL BOX SERVICIOS VETERINARIOS SPA;No aplica;No aplica;No aplica
2023;julio;Ruta Digital;25-07-2023;Acto;Comitť de evaluaciůn regional;25-07-2023;011-2023;LA TINA ARTES Y OFICIOS SPA;No aplica;No aplica;No aplica
2023;julio;Ruta Digital;25-07-2023;Acto;Comitť de evaluaciůn regional;25-07-2023;011-2023;TALLERCASA 13;No aplica;No aplica;No aplica
2023;agosto;Ruta Digital;22-08-2023;Acto;Comitť de evaluaciůn regional;22-08-2023;74-2023;COMERCIALIZADORA ELIZABETH CABEZAS OPAZO EIRL;No aplica;No aplica;No aplica
2023;julio;Ruta Digital;27-07-2023;Acto;Comitť de evaluaciůn regional;27-07-2023;142023;VENEZOLANOS CHILLAN SPA;No aplica;No aplica;No aplica
2023;julio;Ruta Digital;31-07-2023;Acto;Comitť de evaluaciůn regional;31-07-2023;24-2023;MARÕA ANDREA VENEGAS CARCAMO;No aplica;No aplica;No aplica
2023;agosto;Ruta Digital;03-08-2023;Acto;Comitť de evaluaciůn regional;03-08-2023;27-2023;COMERCIALIZADORA LA GRANJA DE HUACHI LIMITADA;No aplica;No aplica;No aplica
2023;agosto;Ruta Digital;01-08-2023;Acto;Comitť de evaluaciůn regional;01-08-2023;22-2023;TALLER DE TE—IDO Y CONFECCI”N TEXTIL SPA;No aplica;No aplica;No aplica
2023;agosto;Ruta Digital;22-08-2023;Acto;Comitť de evaluaciůn regional;22-08-2023;74-2023;MUEBLES Y DISE—OS PILAR ELIZABETH SOL… GAETE E.I.R.L;No aplica;No aplica;No aplica
2023;julio;Ruta Digital;31-07-2023;Acto;Comitť de evaluaciůn regional;31-07-2023;24-2023;LAWEN BOROA SPA;No aplica;No aplica;No aplica
2023;agosto;Ruta Digital;22-08-2023;Acto;Comitť de evaluaciůn regional;22-08-2023;74-2023;COMERCIALIZADORA MARCIA MONTSERRAT GUZMŃN ORREGO;No aplica;No aplica;No aplica
2023;julio;Ruta Digital;27-07-2023;Acto;Comitť de evaluaciůn regional;27-07-2023;28-2023;INVERSIONES MITO ESPACIO LIMITADA;No aplica;No aplica;No aplica
2023;agosto;Ruta Digital;03-08-2023;Acto;Comitť de evaluaciůn regional;03-08-2023;27-2023;ASESORÕAS NUTRICIONALES CHAVEZ Y SUAZO LIMITADA;No aplica;No aplica;No aplica
2023;agosto;Ruta Digital;17-08-2023;Acto;Comitť de evaluaciůn regional;17-08-2023;18-2023;CHULENGO SPA;No aplica;No aplica;No aplica
2023;julio;Ruta Digital;25-07-2023;Acto;Comitť de evaluaciůn regional;25-07-2023;011-2023;PAZ CERAMICAS SPA;No aplica;No aplica;No aplica
2023;agosto;Ruta Digital;03-08-2023;Acto;Comitť de evaluaciůn regional;03-08-2023;27-2023;NORELLA GESTION INMOBILIARIA SPA;No aplica;No aplica;No aplica
2023;julio;Ruta Digital;27-07-2023;Acto;Comitť de evaluaciůn regional;27-07-2023;020-2023;NIFAM PROFESIONALES SPA;No aplica;No aplica;No aplica
2023;julio;Ruta Digital;27-07-2023;Acto;Comitť de evaluaciůn regional;27-07-2023;28-2023;N Y N FORTALEZA Y LEALTAD SPA;No aplica;No aplica;No aplica
2023;agosto;Ruta Digital;22-08-2023;Acto;Comitť de evaluaciůn regional;22-08-2023;74-2023;SERVITOR SPA;No aplica;No aplica;No aplica
2023;julio;Ruta Digital;31-07-2023;Acto;Comitť de evaluaciůn regional;31-07-2023;24-2023;COMERCIALIZADORA DE ALIMENTOS ROSARIO ALEJANDRA ZAPATA FUENTES EIRL;No aplica;No aplica;No aplica
2023;agosto;Ruta Digital;22-08-2023;Acto;Comitť de evaluaciůn regional;22-08-2023;74-2023;COMERCIALIZADORA LEYLA ESTEFANÕA ARELLANO LOYOLA E.I.R.L.,;No aplica;No aplica;No aplica
2023;julio;Ruta Digital;31-07-2023;Acto;Comitť de evaluaciůn regional;31-07-2023;24-2023;LINGUE DISE—O NATIVO SPA;No aplica;No aplica;No aplica
2023;agosto;Ruta Digital;01-08-2023;Acto;Comitť de evaluaciůn regional;01-08-2023;30-2023;COOPERATIVA AGRÕCOLA NATURAL SUR LIMITADA;No aplica;No aplica;No aplica
2023;julio;Ruta Digital;27-07-2023;Acto;Comitť de evaluaciůn regional;27-07-2023;020-2023;SPACIOSECRET SPA;No aplica;No aplica;No aplica
2023;agosto;Ruta Digital;08-08-2023;Acto;Comitť de evaluaciůn regional;08-08-2023;22-070823;CARLOS GAST”N SILVA DÕAZ;No aplica;No aplica;No aplica
2023;agosto;Ruta Digital;01-08-2023;Acto;Comitť de evaluaciůn regional;01-08-2023;30-2023;MARIE DOMINIQUE REMY REMY;No aplica;No aplica;No aplica
2023;agosto;Ruta Digital;01-08-2023;Acto;Comitť de evaluaciůn regional;01-08-2023;22-2023;ALEJANDRA ANTONIA FUENZALIDA GARRIDO;No aplica;No aplica;No aplica
2023;julio;Ruta Digital;28-07-2023;Acto;Comitť de evaluaciůn regional;28-07-2023;21-2023;AL ORIGEN PETFOODS SPA;No aplica;No aplica;No aplica
2023;agosto;Ruta Digital;01-08-2023;Acto;Comitť de evaluaciůn regional;01-08-2023;30-2023;LOS ALERCES LIMITADA;No aplica;No aplica;No aplica
2023;agosto;Ruta Digital;01-08-2023;Acto;Comitť de evaluaciůn regional;01-08-2023;30-2023;CERVECERIA DRY MOUTH LIMITADA;No aplica;No aplica;No aplica
2023;agosto;Ruta Digital;01-08-2023;Acto;Comitť de evaluaciůn regional;01-08-2023;30-2023;PRODUCCIONES MUNDO INFANTIL SPA;No aplica;No aplica;No aplica
2023;agosto;Ruta Digital;01-08-2023;Acto;Comitť de evaluaciůn regional;01-08-2023;22-2023;COMERCIALIZADORA YOUTH FASHION SPA;No aplica;No aplica;No aplica
2023;julio;Ruta Digital;27-07-2023;Acto;Comitť de evaluaciůn regional;27-07-2023;142023;SUBLIMATEK CHILE SPA;No aplica;No aplica;No aplica
2023;julio;Ruta Digital;27-07-2023;Acto;Comitť de evaluaciůn regional;27-07-2023;142023;COLOR FULL —UBLE SPA;No aplica;No aplica;No aplica
2023;agosto;Ruta Digital;01-08-2023;Acto;Comitť de evaluaciůn regional;01-08-2023;30-2023;D Y D EVENTO Y PRODUCCIONES TEJA SPA;No aplica;No aplica;No aplica
2023;agosto;Ruta Digital;01-08-2023;Acto;Comitť de evaluaciůn regional;01-08-2023;22-2023;LA PALI SPA;No aplica;No aplica;No aplica
2023;julio;Ruta Digital;31-07-2023;Acto;Comitť de evaluaciůn regional;31-07-2023;24-2023;FISIOCANIS REHABILITACION SPA;No aplica;No aplica;No aplica
2023;julio;Ruta Digital;31-07-2023;Acto;Comitť de evaluaciůn regional;31-07-2023;24-2023;INSUMEDICAL PUCON LIMITADA;No aplica;No aplica;No aplica
2023;julio;Ruta Digital;27-07-2023;Acto;Comitť de evaluaciůn regional;27-07-2023;020-2023;GRUPO SEINFOTEL SPA;No aplica;No aplica;No aplica
2023;julio;Ruta Digital;28-07-2023;Acto;Comitť de evaluaciůn regional;28-07-2023;21-2023;VALCAST PREFABRICADOS LIMITADA;No aplica;No aplica;No aplica
2023;agosto;Ruta Digital;01-08-2023;Acto;Comitť de evaluaciůn regional;01-08-2023;30-2023;HOSTAL SERVICIOS EVENTOS PRAT II SPA;No aplica;No aplica;No aplica
2023;agosto;Ruta Digital;01-08-2023;Acto;Comitť de evaluaciůn regional;01-08-2023;22-2023;KARINA ANG…LICA SILVA CASTILLO;No aplica;No aplica;No aplica
2023;agosto;Ruta Digital;07-08-2023;Acto;Comitť de evaluaciůn regional;07-08-2023;020-2023;MUNAY PLATAFORMA CREATIVA SPA;No aplica;No aplica;No aplica
2023;agosto;Ruta Digital;17-08-2023;Acto;Comitť de evaluaciůn regional;17-08-2023;18-2023;HIDROPONÕA NINOSKA OCAMPO EIRL;No aplica;No aplica;No aplica
2023;julio;Ruta Digital;25-07-2023;Acto;Comitť de evaluaciůn regional;25-07-2023;011-2023;JOBS PERSONALIZADOS SPA;No aplica;No aplica;No aplica
2023;agosto;Ruta Digital;03-08-2023;Acto;Comitť de evaluaciůn regional;03-08-2023;27-2023;SERVICIOS EMPRESARIALES KBJ SPA;No aplica;No aplica;No aplica
2023;julio;Ruta Digital;27-07-2023;Acto;Comitť de evaluaciůn regional;27-07-2023;020-2023;RE-PINTADOS SPA;No aplica;No aplica;No aplica
2023;agosto;Ruta Digital;01-08-2023;Acto;Comitť de evaluaciůn regional;01-08-2023;22-2023;NICOLE ALEJANDRA P…REZ VERGARA;No aplica;No aplica;No aplica
2023;julio;Ruta Digital;28-07-2023;Acto;Comitť de evaluaciůn regional;28-07-2023;21-2023;CICLICA SPA;No aplica;No aplica;No aplica
2023;agosto;Ruta Digital;22-08-2023;Acto;Comitť de evaluaciůn regional;22-08-2023;74-2023;LUCELINDA ACCESORIOS SPA;No aplica;No aplica;No aplica
2023;septiembre;Ruta Digital;25-09-2023;Acto;Comitť de evaluaciůn regional;25-09-2023;030-2023;BEL…N SPA;No aplica;No aplica;No aplica
2023;agosto;Ruta Digital;08-08-2023;Acto;Comitť de evaluaciůn regional;08-08-2023;22-070823;VEGGREEN SPA;No aplica;No aplica;No aplica
2023;agosto;Ruta Digital;01-08-2023;Acto;Comitť de evaluaciůn regional;01-08-2023;22-2023;COMERCIALIZADORA Y DISTRIBUIDORA SANTALE LTDA;No aplica;No aplica;No aplica
2023;agosto;Ruta Digital;03-08-2023;Acto;Comitť de evaluaciůn regional;03-08-2023;27-2023;RESTAURANT MONTADITOS GOURMET LTDA;No aplica;No aplica;No aplica
2023;agosto;Ruta Digital;01-08-2023;Acto;Comitť de evaluaciůn regional;01-08-2023;22-2023;ANDREA DEL CARMEN MU—OZ BUSTAMANTE;No aplica;No aplica;No aplica
2023;agosto;Ruta Digital;22-08-2023;Acto;Comitť de evaluaciůn regional;22-08-2023;74-2023;DISTRIBUIDORA MOG SPA;No aplica;No aplica;No aplica
2023;julio;Ruta Digital;25-07-2023;Acto;Comitť de evaluaciůn regional;25-07-2023;011-2023;RETO—OS COLUMPIOS SPA;No aplica;No aplica;No aplica
2023;agosto;Ruta Digital;03-08-2023;Acto;Comitť de evaluaciůn regional;03-08-2023;27-2023;PANADERIA Y PASTELERIA LAS HORTENCIAS LTDA;No aplica;No aplica;No aplica
2023;julio;Ruta Digital;27-07-2023;Acto;Comitť de evaluaciůn regional;27-07-2023;25-2023;JC M SPA;No aplica;No aplica;No aplica
2023;agosto;Ruta Digital;03-08-2023;Acto;Comitť de evaluaciůn regional;03-08-2023;27-2023;MALVIS ATENCIO HERRA;No aplica;No aplica;No aplica
2023;agosto;Ruta Digital;07-08-2023;Acto;Comitť de evaluaciůn regional;07-08-2023;020-2023;COMERCIALIZADORA CODAMA,TAMARA ANDREA LOPEZ TAPIA E.I.R.L;No aplica;No aplica;No aplica
2023;julio;Ruta Digital;27-07-2023;Acto;Comitť de evaluaciůn regional;27-07-2023;142023;CABA—AS PUESTA DE SOL COBQUECURA SPA;No aplica;No aplica;No aplica
2023;agosto;Ruta Digital;08-08-2023;Acto;Comitť de evaluaciůn regional;08-08-2023;22-070823;COMERCIAL MONAL SPA;No aplica;No aplica;No aplica
2023;julio;Ruta Digital;25-07-2023;Acto;Comitť de evaluaciůn regional;25-07-2023;14-2023;ARIEL ALEJANDRO VILLOUTA VŃSQUEZ E.I.R.L;No aplica;No aplica;No aplica
2023;agosto;Ruta Digital;17-08-2023;Acto;Comitť de evaluaciůn regional;17-08-2023;18-2023;PATRICIO ALEJANDRO BARRÕA NAHUELQUÕN;No aplica;No aplica;No aplica
2023;julio;Ruta Digital;25-07-2023;Acto;Comitť de evaluaciůn regional;25-07-2023;011-2023;IMPRESION Y CORTE INYA SPA;No aplica;No aplica;No aplica
2023;julio;Ruta Digital;27-07-2023;Acto;Comitť de evaluaciůn regional;27-07-2023;25-2023;EVENTOS LLANOS DE FERRERA;No aplica;No aplica;No aplica
2023;agosto;Ruta Digital;17-08-2023;Acto;Comitť de evaluaciůn regional;17-08-2023;18-2023;PATRICIO EDUARDO TREJOS ROJAS;No aplica;No aplica;No aplica
2023;agosto;Ruta Digital;17-08-2023;Acto;Comitť de evaluaciůn regional;17-08-2023;18-2023;MANUFACTURAS ACV SPA;No aplica;No aplica;No aplica
2023;agosto;Ruta Digital;07-08-2023;Acto;Comitť de evaluaciůn regional;07-08-2023;020-2023;LUIS ASTORGA FABRICA DE MUEBLES EMPRESA INDIVIDUAL DE RESPONSABILIDAD LIMITADA;No aplica;No aplica;No aplica
2023;julio;Ruta Digital;27-07-2023;Acto;Comitť de evaluaciůn regional;27-07-2023;142023;IRIDES DEL CARMEN VIELMA MALDONADO;No aplica;No aplica;No aplica
2023;septiembre;Ruta Digital;25-09-2023;Acto;Comitť de evaluaciůn regional;25-09-2023;030-2023;ADMINISTRADORA DE SALUD SPA;No aplica;No aplica;No aplica
2023;agosto;Ruta Digital;07-08-2023;Acto;Comitť de evaluaciůn regional;07-08-2023;020-2023;CREACIONES NATALIA IRIARTE ALLENDES EIRL;No aplica;No aplica;No aplica
2023;julio;Ruta Digital;28-07-2023;Acto;Comitť de evaluaciůn regional;28-07-2023;21-2023;MAILINWEB SPA;No aplica;No aplica;No aplica
2023;julio;Ruta Digital;28-07-2023;Acto;Comitť de evaluaciůn regional;28-07-2023;21-2023;BORDADOS RAGGI SPA;No aplica;No aplica;No aplica
2023;julio;Ruta Digital;25-07-2023;Acto;Comitť de evaluaciůn regional;25-07-2023;011-2023;LETICIA ALEJANDRA CANDIA PALMA;No aplica;No aplica;No aplica
2023;septiembre;Ruta Digital;25-09-2023;Acto;Comitť de evaluaciůn regional;25-09-2023;030-2023;COLMENARES SOL NACIENTE SPA;No aplica;No aplica;No aplica
2023;julio;Ruta Digital;25-07-2023;Acto;Comitť de evaluaciůn regional;25-07-2023;14-2023;CAFETERÕA MAURICIO GUIZA EIRL;No aplica;No aplica;No aplica
2023;julio;Ruta Digital;25-07-2023;Acto;Comitť de evaluaciůn regional;25-07-2023;14-2023;GLORIA VILLARROEL OJEDA EIRL;No aplica;No aplica;No aplica
2023;julio;Ruta Digital;27-07-2023;Acto;Comitť de evaluaciůn regional;27-07-2023;25-2023;MEDIO DE COMUNICACI”N DIGITAL, EDUARDO ANDRES VALENZUELA TAPIA, EMPRESA INDIVIDUAL RESPONSABILIDAD LIMITADA;No aplica;No aplica;No aplica
2023;julio;Ruta Digital;27-07-2023;Acto;Comitť de evaluaciůn regional;27-07-2023;28-2023;BC CONSULTORES AUDITORES SPA;No aplica;No aplica;No aplica
2023;agosto;Ruta Digital;07-08-2023;Acto;Comitť de evaluaciůn regional;07-08-2023;020-2023;SOCIEDAD COMERCIAL AYUDAPET SPA;No aplica;No aplica;No aplica
2023;julio;Ruta Digital;27-07-2023;Acto;Comitť de evaluaciůn regional;27-07-2023;28-2023;PROMASK CHILE SPA;No aplica;No aplica;No aplica
2023;julio;Ruta Digital;27-07-2023;Acto;Comitť de evaluaciůn regional;27-07-2023;020-2023;ROSA ELVIRA LASTRA CONTRERAS;No aplica;No aplica;No aplica
2023;julio;Ruta Digital;27-07-2023;Acto;Comitť de evaluaciůn regional;27-07-2023;25-2023;YHR SPA;No aplica;No aplica;No aplica
2023;julio;Ruta Digital;27-07-2023;Acto;Comitť de evaluaciůn regional;27-07-2023;25-2023;HELEN TANIA MALEBRŃN MALEBRŃN MIRANDA;No aplica;No aplica;No aplica
2023;agosto;Ruta Digital;17-08-2023;Acto;Comitť de evaluaciůn regional;17-08-2023;18-2023;INSUMOS DE PANADERIA Y PASTELERIA MARIA JOSE CACERES EIRL;No aplica;No aplica;No aplica
2023;julio;Ruta Digital;27-07-2023;Acto;Comitť de evaluaciůn regional;27-07-2023;28-2023;FABRICACION DE PRODUCTOS EN MADERA BRAYAN VILLA AGUILAR E.I.R.L.;No aplica;No aplica;No aplica
2023;agosto;Ruta Digital;07-08-2023;Acto;Comitť de evaluaciůn regional;07-08-2023;020-2023;VERA OLEO PRODUCTOS NATURALES MARIA ANGELA GONZALEZ ARCOS EIRL;No aplica;No aplica;No aplica
2023;agosto;Ruta Digital;07-08-2023;Acto;Comitť de evaluaciůn regional;07-08-2023;020-2023;MERAKI SPA;No aplica;No aplica;No aplica
2023;agosto;Ruta Digital;07-08-2023;Acto;Comitť de evaluaciůn regional;07-08-2023;020-2023;ESTAMPADOS Y SUBLIMACIONES LILY MARLEN ORTIZ SILVA E.I.R.L;No aplica;No aplica;No aplica
2023;julio;Ruta Digital;27-07-2023;Acto;Comitť de evaluaciůn regional;27-07-2023;25-2023;INVERSIONES GARES SPA;No aplica;No aplica;No aplica